class_id,iou,dice,area_coarse,area_refined,edge_coarse,edge_refined,fractal_coarse,fractal_refined,t_coarse,t_refined
1,0.9874201778577433,0.9936702755248107,0.5696726820580031,0.5625063010384111,0.014157830312504609,0.01426352421065209,1.7475329132893946,1.7438725856143806,0.10755491256713867,0.11197113990783691
2,0.9604829404977748,0.9798432015469455,0.3545465170640486,0.34053588125292195,0.050972474039887916,0.05225449397228538,1.6756231071554428,1.665413146255305,0.005984783172607422,0.07924175262451172
3,0.9445679561286497,0.9714939024389503,0.16522186306200412,0.15606327750024487,0.03646064917741218,0.035305193786285896,1.4766299372151164,1.4558626269863304,0.004999876022338867,0.03907155990600586
4,0.9497529992942837,0.9742290429998318,0.3453851153721157,0.3280305492362691,0.06553752058339214,0.06618120572645762,1.6889405360927816,1.674956272486024,0.005998134613037109,0.06844472885131836
5,0.9533093894304772,0.9760966640396701,0.04806886006017856,0.045824495634587875,0.0620831195484864,0.06350914962325081,1.4676121396836384,1.4595224030944216,0.005995988845825195,0.03928112983703613
6,0.9751757273778806,0.9874318663002616,0.29991060587866414,0.2924655432360672,0.03639113800160156,0.03699817518248175,1.7512678006817408,1.7424331997135374,0.005995035171508789,0.0757901668548584
7,0.9307912717654838,0.9641552511414975,0.0945090197058701,0.087968170645336,0.06116376460216002,0.06168600520956666,1.5230898553853816,1.5003400644534641,0.00798940658569336,0.09078097343444824
8,0.9730079497134405,0.9863193403298043,0.37090285714285715,0.3608914285714286,0.032784864731620136,0.032174298562290204,1.7151912680933874,1.7088935440465258,0.005216360092163086,0.04298830032348633
9,0.9449642267473858,0.9717034521787883,0.0852510044944177,0.08312290564899075,0.02039865871833085,0.020061138708444785,1.5053020563045891,1.4986346940530124,0.009001016616821289,0.11001706123352051
10,0.972623372020909,0.9861217156972384,0.3055660837078347,0.29720071471113757,0.035527598121732964,0.036891965749681184,1.5858599601468535,1.5745511962699004,0.007213115692138672,0.041193246841430664
11,0.9781962338949455,0.9889779559117883,0.19846856340007024,0.19414120126448894,0.036882344612770776,0.036618902880301056,1.6415747922108725,1.634694959933861,0.008500337600708008,0.07055830955505371
12,0.9872863693205502,0.9936025170423708,0.2075259515570934,0.20488754325259514,0.040016673614005835,0.04116529449018366,1.540204130933096,1.5359027438356294,0.005001544952392578,0.025352001190185547
13,0.9867992177314211,0.9933557542449077,0.23369006360208705,0.23060517195414557,0.0346045197740113,0.033470960638590695,1.617563249520981,1.6138136106383791,0.006447553634643555,0.07424426078796387
14,0.9697096128170895,0.9846219021393355,0.16933728981206725,0.164207997739155,0.03462950600801068,0.03588331468892522,1.6610297099303268,1.6509437283940915,0.00683903694152832,0.06736445426940918
15,0.9639227130924827,0.9816299864210248,0.22508125983895264,0.21696093865023727,0.04765019623628862,0.04917262619408049,1.6334119966758363,1.6207268264102408,0.007000923156738281,0.08996868133544922
16,0.867035864978903,0.9287832989632214,0.21414050146826294,0.18566749491755138,0.030748945147679323,0.024210718413528804,1.6277775917407342,1.6497813814207625,0.0069882869720458984,0.08565807342529297
17,0.9787689910401247,0.9892705974997417,0.5518279165379086,0.5401120530975829,0.027756135566809507,0.029203980099502487,1.6950662905663965,1.6894975872195408,0.00753331184387207,0.07904410362243652
18,0.8710448331899436,0.9310785265416169,0.08206054099773906,0.07712389596447568,0.06184340931615461,0.06358747231888642,1.4701749694877722,1.4561067429457561,0.006531715393066406,0.10727167129516602
19,0.9500897080411026,0.9744061559049034,0.15071288102261554,0.14319075712881021,0.055455879954330455,0.05836909871244635,1.4371285050415699,1.4238407258972257,0.004982948303222656,0.03864431381225586
20,0.9473124810203462,0.9729434697854992,0.11146653126851147,0.1055936362867056,0.055876100819921046,0.05722070844686648,1.538012160969412,1.5227927503173229,0.007001399993896484,0.05808424949645996
21,0.9697878722948361,0.9846622430108795,0.18959213519662008,0.1838641533961651,0.04521105635311763,0.04507291206363235,1.7061478364016616,1.6963852166401472,0.004923820495605469,0.02501845359802246
22,0.9004602011249361,0.947623318385622,0.12312635379061372,0.1183898916967509,0.05219023045798393,0.05153381716167592,1.597403516134607,1.5869268156080314,0.009931564331054688,0.08850932121276855
23,0.925735992402659,0.9614360390570114,0.06880573761684754,0.06736864725475449,0.03591645520203006,0.03508771929824561,1.4418272114644595,1.4337138296600773,0.005016326904296875,0.05647873878479004
24,0.947923025493445,0.9732653837831313,0.4500504674883128,0.43991048661283466,0.02363738306725293,0.024016181864839163,1.723263134321152,1.7182389432315293,0.009999752044677734,0.14086461067199707
25,0.9663528209619736,0.982888534204336,0.18206341191165917,0.17593749169479364,0.04101890372965477,0.04154078549848943,1.6203431811009934,1.6096263574678464,0.006238460540771484,0.07120943069458008
26,0.9149051490514906,0.9555618454571057,0.23954529316291337,0.23084043416514505,0.03771537463938809,0.03548475693490799,1.643455287692923,1.6331862735633484,0.009910106658935547,0.10259032249450684
27,0.9724343453157013,0.9860245514635518,0.17653054514368383,0.17166436509502203,0.04321102626187372,0.04405286343612335,1.5376088504500596,1.5293150217635008,0.004925966262817383,0.030576467514038086
28,0.9580876934414149,0.9785952862585982,0.23559027777777777,0.22571614583333333,0.050478997789240976,0.05211037400249976,1.7226684955335423,1.7113306921778408,0.005988121032714844,0.04933333396911621
29,0.9628917157927397,0.9810950935760944,0.21355685131195334,0.20563212297906175,0.04287930499534595,0.04195398595089257,1.6387272552438827,1.62666533712259,0.0072324275970458984,0.07636380195617676
30,0.9369164657144624,0.9674309473835345,0.3896075974249349,0.3801046734483267,0.02809617658651951,0.026843142958725235,1.7228112137570433,1.7149046860459676,0.011998414993286133,0.11869096755981445
31,0.9787313899662204,0.989251390996428,0.35275166600467805,0.3452491283816585,0.03346678343550607,0.0338105586092292,1.6942251160984787,1.6873729257908379,0.006001710891723633,0.0462651252746582
32,0.890315634159472,0.9419756341964987,0.33386941580756013,0.3177113402061856,0.051134258306229155,0.049300192528176176,1.6856802266381299,1.716075101006273,0.009935140609741211,0.10457777976989746
33,0.9553386169597605,0.9771592589370971,0.2502511108462861,0.2390745501285347,0.05353923602843634,0.055294452752260914,1.6070525536323121,1.5995178457438826,0.009033441543579102,0.1201777458190918
34,0.9288164665523156,0.9630947087592344,0.11726843005129237,0.10892084883837876,0.06818181818181818,0.06740535549399815,1.4750183574084799,1.455155021764952,0.003998517990112305,0.02136969566345215
35,0.9074604370761116,0.9514854614411384,0.21382533032549145,0.19403802771511441,0.06375282592313489,0.06244809832253778,1.4456361529920296,1.5625315654302971,0.005413532257080078,0.032502174377441406
36,0.9776649289951465,0.9887063421728137,0.393075428369546,0.384296060766649,0.022649649469710587,0.022569524247299473,1.667793345905638,1.6608167311591737,0.00598597526550293,0.05559945106506348
37,0.9178571428571428,0.957169459962162,0.043209876543209874,0.03966049382716049,0.0630952380952381,0.07003891050583658,1.3623085681592062,1.3418101905509647,0.0050106048583984375,0.020092010498046875
38,0.7092805120282498,0.8299170405758471,0.17292573086023968,0.12265285092741011,0.05765835356433458,0.04815246985608713,1.507507274535908,1.5348790780794155,0.006999492645263672,0.09799075126647949
39,0.9455110623514353,0.9719924812029618,0.17809111335439123,0.16838711778306034,0.059608703602121046,0.06081995745503771,1.5944866180520392,1.5897382963855633,0.0060007572174072266,0.06612873077392578
40,0.750664757619145,0.8575768197218967,0.0976356848856131,0.07792394262194205,0.0761204481792717,0.0664209879792928,1.4261546933750135,1.4571934542712572,0.009000778198242188,0.12363457679748535
41,0.935891209324915,0.966884094329913,0.02089337175792507,0.01955392296139952,0.10587663914521613,0.10534509600415153,1.2617457708303974,1.2917010810896714,0.007387399673461914,0.0868828296661377
42,0.9883144052600119,0.9941228637135535,0.35835154007625414,0.35416398920447245,0.02372982665869695,0.023859203483625146,1.7549343070673409,1.752141360770152,0.009233236312866211,0.08799386024475098
43,0.9630037436687954,0.9811532420909825,0.12941746466028273,0.12462950296397629,0.06276150627615062,0.0654013263206037,1.45564011617183,1.4650746892158164,0.005000591278076172,0.03529858589172363
44,0.945382323733863,0.971924451250514,0.029773960350664517,0.028147775823071125,0.05660377358490566,0.05803571428571429,1.4428974698066643,1.4298748272795372,0.009009599685668945,0.12608623504638672
45,0.9584036974491157,0.9787600980302723,0.2066982657260435,0.19810038212815992,0.0440849702248689,0.04581285356579801,1.590214846849601,1.573855233690697,0.00599360466003418,0.05398893356323242
46,0.9058352116203355,0.9505913272010305,0.24135448168034726,0.22831162953362547,0.04099897715649506,0.04054784645882141,1.6802634112670431,1.6623604891833934,0.0070953369140625,0.06467437744140625
47,0.9688670506262838,0.9841873785414548,0.38387445887445887,0.37192331478045765,0.03785895525393693,0.039865314266711006,1.7125786211585818,1.7033581414954262,0.0059986114501953125,0.0640418529510498
48,0.9850581073602657,0.9924728185112447,0.3888111888111888,0.3830016137708445,0.026747832503228187,0.02799625468164794,1.5755603088579775,1.5710809554353202,0.004997968673706055,0.029852867126464844
49,0.9760181930948936,0.9878635697843703,0.23623931623931624,0.23057387057387058,0.045896216663221,0.04744757466638424,1.6020374167002616,1.5932096197358292,0.00500178337097168,0.022510766983032227
50,0.9383280036546369,0.9681828894649631,0.32798921186694635,0.3077614623913695,0.04910918227501142,0.04746835443037975,1.5338397093623686,1.548746668681123,0.004082679748535156,0.039995670318603516
51,0.9532388942373814,0.9760597098999797,0.38747668531841195,0.3693578470556888,0.04793013340668409,0.04847785312364738,1.6011361687045484,1.5879119098825323,0.004914522171020508,0.037880659103393555
52,0.9796473302570864,0.9897190426638506,0.3375236400044499,0.33065413282901324,0.0228246539222149,0.021868954495752376,1.6327994971978042,1.6245233492502635,0.004999637603759766,0.03558039665222168
53,0.9364814040952779,0.9671989641777118,0.10189916538920116,0.09542667347981605,0.07229419139155871,0.07385095939312807,1.3822932319504122,1.4124686974646992,0.00498652458190918,0.04462885856628418
54,0.9488966318234611,0.9737783075089247,0.27483401430030646,0.2607890704800817,0.04044715447154471,0.040238678090575276,1.6659335825616746,1.6506257708700518,0.00800013542175293,0.12137675285339355
55,0.9328344419807835,0.9652502270445733,0.3280596472085834,0.30602533794023157,0.03630820399113082,0.034416163216797066,1.7005097839320382,1.686762199157463,0.007090091705322266,0.06895971298217773
56,0.9608362779740872,0.9800270310857352,0.24064625850340135,0.23122165532879818,0.03362244351643645,0.03424065973866771,1.6092104909466602,1.5988713755621666,0.010987043380737305,0.1526811122894287
57,0.7849746715892505,0.8795359218070489,0.356062602758638,0.2962460936029218,0.04191046880507578,0.041878495170310115,1.7028701455060846,1.6724661206589917,0.010911941528320312,0.1389472484588623
58,0.9146690788481834,0.9554330708661041,0.11072649572649573,0.10636752136752137,0.03990737167116943,0.04098031337886701,1.5392102030372672,1.525457752648179,0.008000373840332031,0.07795524597167969
59,0.9756766015758821,0.9876885729147747,0.1053030303030303,0.10274170274170275,0.03408701610140459,0.03441011235955056,1.4692164744829617,1.484948677623777,0.005554914474487305,0.049042701721191406
60,0.9604534329511787,0.9798278467704199,0.06660089224433768,0.06396705559368565,0.04096354502125467,0.03969957081545064,1.521829238660643,1.509142615764244,0.007987499237060547,0.11185622215270996
61,0.9677995281515016,0.9836363047211373,0.12337549954372384,0.11940275024387174,0.047248613147994646,0.04882066148372645,1.4708784678578697,1.4631041251301662,0.009001493453979492,0.12025713920593262
62,0.9477244178181466,0.9731606885944846,0.13748073755247356,0.13029385195812743,0.048796985215962894,0.05118270799347471,1.572937261581051,1.5566102572068687,0.00593113899230957,0.07098937034606934
63,0.9816252659500981,0.9907274425868204,0.3402720973307383,0.33401968803768367,0.018761570556215634,0.019450543264088273,1.689005632681236,1.6836188130811232,0.007908344268798828,0.09895944595336914
64,0.600281197750418,0.7502196471398203,0.3273622928795343,0.19650942926804996,0.0449156406748746,0.052478318668101535,1.6884269782445482,1.5868223439984779,0.0069239139556884766,0.07752060890197754
65,0.9342857844220243,0.9660266253791265,0.2814757336343115,0.2743721783295711,0.032805373164252416,0.031803573724129064,1.6534132598793798,1.647166597304433,0.008013725280761719,0.11343193054199219
66,0.9761231542569903,0.9879173290937211,0.15270581462291308,0.14905968144310114,0.043512409676405905,0.04473768908915352,1.456893980927876,1.4493739052281867,0.00601959228515625,0.04057621955871582
67,0.9667375265724647,0.9830874872837938,0.19223095598663495,0.18583687892117978,0.04726772539702388,0.048182641314189624,1.4604930864771426,1.4535878592163824,0.00599360466003418,0.07771563529968262
68,0.9362972793629728,0.9671007539408897,0.1139853263747069,0.10672415097193859,0.0696748506967485,0.073706591070163,1.4823500562580474,1.4601674077460696,0.003508329391479492,0.0280001163482666
69,0.934945054945055,0.9663789186732754,0.15093463369325438,0.14111558939145147,0.04879120879120879,0.049600376116596144,1.4936361439790173,1.5133179514747093,0.005999326705932617,0.05811476707458496
70,0.9340355497037525,0.9658928449860111,0.5232698336146612,0.48875262668366115,0.035352205398288344,0.0361573160417254,1.7202038161597917,1.786538573527068,0.004082202911376953,0.03192019462585449
71,0.9416926125106142,0.9699708454809081,0.07047394877523339,0.06636479693608872,0.0549108406453439,0.05710850616170724,1.4796699785090444,1.4606189259140252,0.006960391998291016,0.04750680923461914
72,0.9167505874454515,0.956567425569153,0.15566994585525815,0.1491420727522306,0.0431097829814334,0.04407628981950197,1.5718988512859857,1.5597692541309034,0.00791478157043457,0.09484481811523438
73,0.9075994075424405,0.9515618467419125,0.41488398415393324,0.397291616137117,0.04004520918993706,0.039010195152723796,1.7268051393901278,1.715373664579984,0.007104396820068359,0.11123871803283691
74,0.9027688978507844,0.9489002041923816,0.16459751037344397,0.15647302904564314,0.050922658061913886,0.04874038716520817,1.627135232054783,1.642946875428453,0.007013797760009766,0.07891082763671875
75,0.9646874182579126,0.9820263613366734,0.35866403977859085,0.3459986865559621,0.04034789432382945,0.039587852494577004,1.657492088529342,1.646192493906378,0.004994392395019531,0.04460000991821289
76,0.8995400847686897,0.9471135586782687,0.1511339475549256,0.13595104399498445,0.05744431418522861,0.057443609022556394,1.5394162471090622,1.5513601608061578,0.008004426956176758,0.07180261611938477
77,0.9273720056364491,0.9623176044109739,0.24755813953488373,0.22957848837209302,0.047616251761390324,0.04412788857233302,1.5997134480348825,1.5776196688330375,0.007002592086791992,0.06738138198852539
78,0.9815981598159816,0.9907136368223988,0.08584306318681319,0.08426339285714286,0.034603460346034606,0.03433520122261844,1.6145165176494247,1.6094479526050942,0.008135795593261719,0.1096808910369873
79,0.9555555555555556,0.9772727272726652,0.16094227656896243,0.15378928649923077,0.03625077591558039,0.035988047291152396,1.5602052148319514,1.5469877867605384,0.005009651184082031,0.047159433364868164
80,0.5115127878196954,0.6768223093335644,0.10585933059421537,0.05778131445182454,0.06972462989951676,0.06492411467116357,1.5403880362909939,1.4183206203560654,0.008465051651000977,0.09717321395874023
81,0.7567607289829512,0.8615410357231773,0.12809699525566684,0.09693877551020408,0.07980599647266313,0.0899203728879394,1.5063769333700392,1.4307889147051833,0.005254983901977539,0.05310940742492676
82,0.918931475029036,0.9577532986320688,0.16985263656270344,0.15608293385413585,0.0653890824622532,0.0659757330637007,1.5899860694901828,1.5650408884579845,0.004998445510864258,0.05383443832397461
83,0.6483516483516484,0.7866666666666019,0.06669019054340156,0.04323869496769991,0.08153574820241487,0.06612261979493618,1.4109098446181731,1.4412054122361329,0.008695363998413086,0.10363578796386719
84,0.9380952380952381,0.9680589680588959,0.2176507537688442,0.20417713567839196,0.04588744588744589,0.04307029687740348,1.5569668734146338,1.539890856488748,0.004998445510864258,0.033321380615234375
85,0.9519087754090233,0.9753619507238188,0.17124663930946654,0.163011178717985,0.05701536936043629,0.059722222222222225,1.518014668458953,1.5035850834636235,0.003999948501586914,0.03883051872253418
86,0.8333333333333334,0.9090909090908676,0.2772414751024377,0.23103456258536473,0.06487975951903807,0.06152304609218437,1.6236605491063776,1.6399987598169943,0.005303859710693359,0.043297529220581055
87,0.9464422686459414,0.972484294953511,0.5310768108896451,0.5175133689839572,0.024006224683616725,0.022827082501585213,1.753207125353768,1.7448385818064627,0.007277727127075195,0.057982683181762695
88,0.973117216841273,0.9863754758564429,0.23944528587656191,0.23300833017796288,0.04091717730776833,0.042250660166565104,1.5508486647119286,1.5415489972262455,0.0043485164642333984,0.02382683753967285
89,0.9530046224961479,0.9759368836291142,0.13387792148854097,0.1275862780287559,0.06317411402157165,0.06628940986257073,1.5125696095027132,1.5135532855547749,0.005645275115966797,0.05139303207397461
90,0.8785010082903877,0.9353213060980786,0.21196675223077863,0.19794646131279794,0.05732080041520097,0.060392738051130046,1.5702471409498766,1.552869848066565,0.007470846176147461,0.08808112144470215
91,0.5796536121079732,0.7338996444092518,0.0569615689667604,0.03428509625784123,0.07753164556962025,0.07781282860147214,1.3852852259418496,1.3039025072131651,0.007480621337890625,0.09972190856933594
92,0.986709886547812,0.9933104911078344,0.38790393562177794,0.3827486483088143,0.021988114532685035,0.021545116075339467,1.7667295512457446,1.7622097506900347,0.005986213684082031,0.09916210174560547
93,0.8870303995752025,0.9401336616250306,0.32306000851184563,0.3071268974322599,0.052750027445383686,0.05167585669332256,1.6515383558704217,1.6509686035170075,0.007991313934326172,0.10759639739990234
94,0.9292525453190961,0.9633290857370742,0.30365947611710326,0.294884437596302,0.03950272738805023,0.039633190511025186,1.766185041131053,1.758500923594232,0.008176803588867188,0.1027686595916748
95,0.9687433402003268,0.9841235476654043,0.20799349881796692,0.20149231678486998,0.03381402287419195,0.03233849087042605,1.6626041443897603,1.6643217661335181,0.0059430599212646484,0.0650019645690918
96,0.9760691894312584,0.9878896899477204,0.4624624624624625,0.4513953608781195,0.036609941782355576,0.037450176354199526,1.7367550107591354,1.730992731821329,0.005988359451293945,0.07550334930419922
97,0.9482352941176471,0.9734299516907429,0.15181463135835396,0.14395599161745096,0.06023529411764706,0.06236559139784946,1.5656677392858303,1.555234520819211,0.005013227462768555,0.04304909706115723
98,0.9590411915289737,0.9790924210025747,0.109130060292851,0.10838931955211024,0.020284135753749013,0.020025429116338207,1.7006394968495604,1.7003833070492786,0.007002115249633789,0.07963943481445312
99,0.9476329691747448,0.9731124746530174,0.17691093205574912,0.1676466318234611,0.05534184746371237,0.054124269322364145,1.6116681183928592,1.5951573961466734,0.00800323486328125,0.11146759986877441
100,0.9194121249234538,0.9580142930066208,0.2510533129339767,0.24079086736495234,0.041252578286142885,0.04209840338872597,1.6010220667250539,1.6398905398913353,0.01202249526977539,0.11648893356323242
101,0.925025929767373,0.9610529556649876,0.15891217329879914,0.14699788085707557,0.06845458586457252,0.07015857760691975,1.4987068398952468,1.5516914078127024,0.005999088287353516,0.09418964385986328
102,0.9711900522490441,0.9853844900860199,0.3667864752598842,0.3599315584443536,0.01816101396549701,0.0183872993093551,1.7363868791413117,1.7308870927722035,0.006923675537109375,0.06757950782775879
103,0.9672162213378813,0.9833349388305422,0.21769002375296911,0.21382422802850357,0.017758258544968493,0.017496111975116642,1.612199636301666,1.6069455407496804,0.012444496154785156,0.16594314575195312
104,0.9619534355479841,0.980607814761121,0.267629179331307,0.2574468085106383,0.038803710013250045,0.03778040141676505,1.701325363637239,1.6895619561589852,0.005999565124511719,0.023492813110351562
105,0.8165852607383997,0.8990332338229593,0.32834905660377356,0.268125,0.05067519034621462,0.04732374543695298,1.6399283677911158,1.6109310859303743,0.0079193115234375,0.09116101264953613
106,0.9660530719579249,0.9827334630349,0.07360160470149385,0.07110305632291099,0.057853215395649055,0.058896312793862905,1.5173348567992078,1.5082347284310524,0.0059850215911865234,0.049211740493774414
107,0.979309662090813,0.9895466897850822,0.22023255813953488,0.21567587209302325,0.03299894403379092,0.03315699026181892,1.618901617009026,1.613464780463801,0.010169744491577148,0.12482881546020508
108,0.9837863614687649,0.9918269230768635,0.36289694557411095,0.357013065674483,0.03028135431568908,0.029932137663596703,1.6865606062514211,1.6813079520977587,0.007988929748535156,0.02752971649169922
109,0.8691881566380134,0.9300167600048864,0.258990391947537,0.23845254435463373,0.053468378282887766,0.050739777427194814,1.659119168438848,1.632345579019489,0.00801849365234375,0.10019659996032715
110,0.9558500759750127,0.9774267339979724,0.13806526806526806,0.13196969696969696,0.05512409252068209,0.0557272807559834,1.5315176769924053,1.5182368048463686,0.007999420166015625,0.0993795394897461
111,0.9494120257377413,0.9740496244023475,0.18046046046046046,0.17133133133133133,0.05591302418460173,0.053517176910493104,1.533721308276851,1.5162342080969453,0.00400090217590332,0.03061532974243164
112,0.948894783377542,0.9737773341801572,0.2617086264346538,0.24833395038874492,0.053315649867374006,0.054603056280283266,1.6471034580496393,1.6295639241567743,0.007989168167114258,0.05134010314941406
113,0.9586084306754697,0.978866848178379,0.210423197492163,0.20171345112567682,0.04630099881496529,0.04812362030905077,1.535690836619302,1.5392316146019949,0.009526491165161133,0.13174033164978027
114,0.6696217494089834,0.802123893805253,0.165234375,0.11064453125,0.07482269503546099,0.07925860547219771,1.527705569188598,1.4441869748985112,0.0049974918365478516,0.057689666748046875
115,0.8659136454727637,0.928139035344629,0.15202650934722647,0.14223873735825926,0.054491621519465794,0.054336116347966604,1.597656596812613,1.581872844198869,0.009330987930297852,0.08875846862792969
116,0.9631627906976744,0.9812357846852747,0.18810807027367538,0.18117869391754743,0.03572093023255814,0.03650762990148735,1.6155768567582711,1.6043112241098638,0.0039997100830078125,0.030278921127319336
117,0.9548746184690885,0.9769164829781724,0.2706349206349206,0.2584224165856819,0.05523969118439165,0.058664995299279224,1.6845797045744946,1.6706106335874489,0.005128622055053711,0.06498932838439941
118,0.9803683955404751,0.9900868926691718,0.23441050813562403,0.2298086537587492,0.02535142995637421,0.02526576019777503,1.7931402396435767,1.7843175711639487,0.007001638412475586,0.08475446701049805
119,0.9414251207729468,0.9698289269049813,0.07166504381694255,0.06746727253056367,0.06853864734299517,0.0718409236690186,1.460648782711876,1.4405569583203075,0.007336139678955078,0.051290035247802734
120,0.9547313196775065,0.9768414820661998,0.2752417335750669,0.27159954243287576,0.021838855126445796,0.021197973577033874,1.6952587024323829,1.6940047127535955,0.014384269714355469,0.15319490432739258
121,0.9704641350210971,0.9850107066380046,0.10483795865151797,0.10174147886012293,0.02731512325116589,0.02745995423340961,1.417781001996329,1.407394156172575,0.005911111831665039,0.10282325744628906
122,0.8930768752718912,0.9435188680793635,0.28968530826570704,0.269590203062461,0.04186208644948663,0.04072598494909252,1.6710648366765484,1.656365807379471,0.05032467842102051,0.14601707458496094
123,0.950378880469323,0.9745582153151413,0.2029265873015873,0.19285714285714287,0.06025421657296504,0.06147119341563786,1.636683013092722,1.6270282495828006,0.006999969482421875,0.054715871810913086
124,0.9776700267959678,0.9887089489644174,0.21403211710727552,0.20925278566746777,0.02794436646676024,0.028647872618115376,1.6891024377729424,1.6843193678122381,0.0070002079010009766,0.07216358184814453
125,0.9354420813991148,0.9666443551985181,0.3472409656620183,0.32482381166591695,0.08388211162690273,0.08747836122331218,1.633802855461283,1.6086328863243393,0.003999233245849609,0.03314018249511719
126,0.8945128339444736,0.9443196350188203,0.19080581378095748,0.18249672603879724,0.05193224464955878,0.054049277104174766,1.6185849784393758,1.6066592816760785,0.011289119720458984,0.16735029220581055
127,0.949060366185268,0.973864517129097,0.21902379628894358,0.20786680430927235,0.06217898362438818,0.06449764421240291,1.5830929011725403,1.5693581428519017,0.0069277286529541016,0.08760595321655273
128,0.9736371227484194,0.9866424901782419,0.11887744972914717,0.11574349811395672,0.030418704521054517,0.03148738054398432,1.643102253395566,1.6347118544278496,0.005986928939819336,0.07689428329467773
129,0.7298451681793914,0.8438271604937837,0.1823936118414646,0.13311909630928037,0.06184374443851219,0.06461838575957084,1.6435061885334965,1.6028453001699652,0.004009723663330078,0.06653499603271484
130,0.5815706484116606,0.7354342962746456,0.09676470588235295,0.058303167420814477,0.05455537370430987,0.051739749062217046,1.428137897093141,1.3339104322951425,0.012013673782348633,0.1262216567993164
131,0.9617194522286258,0.9804862271575393,0.2861054383178277,0.27515316541865215,0.04885528472479247,0.04992028148881192,1.6005650101597573,1.5875068905261258,0.0060062408447265625,0.06692075729370117
132,0.9815509289193499,0.9906895801609531,0.41503864319450406,0.4073815657649921,0.026509763351868616,0.02705195204426683,1.665918334081161,1.6618000437477844,0.005017757415771484,0.055628061294555664
133,0.9665155724521128,0.9829727117257423,0.11698597331508724,0.11306876496749914,0.03465418920894868,0.034720121028744326,1.5016136124579937,1.4921343855224338,0.007997751235961914,0.10951471328735352
134,0.9924042272126816,0.9961876346759254,0.30485998245286006,0.30254433529420227,0.030807699565955842,0.030853339671975278,1.683246942535325,1.6809188341300716,0.007004976272583008,0.06973814964294434
135,0.9594461471103327,0.9793034103287162,0.2586050724637681,0.24811764039855072,0.04799693520140105,0.049968627003593634,1.5845519171353055,1.5731885243005836,0.005998849868774414,0.06926250457763672
136,0.8954764531676441,0.9448563200783976,0.18360970920451813,0.1729697843612768,0.0398024750118991,0.035303776683087026,1.6700195808608331,1.6604735886699997,0.007999181747436523,0.08894634246826172
137,0.934882615559592,0.9663455633345531,0.3239587998208688,0.3140953873712494,0.024968896875863976,0.02354304045624666,1.7076970613093843,1.6985196401945055,0.012119531631469727,0.14047527313232422
138,0.9386656412228418,0.9683625904988115,0.10634686950476424,0.0998241524557314,0.05720053835800808,0.057455960671855794,1.5779625816419496,1.5666049955217258,0.007035493850708008,0.08955955505371094
139,0.9765422696115765,0.9881319358816023,0.5375859810022928,0.5249754339993449,0.032241685707032244,0.03343212187386263,1.739742040648888,1.7314933982496776,0.005012035369873047,0.037987709045410156
140,0.969342844134163,0.9844327990134876,0.08550591105516553,0.08288454301249691,0.049628168159052966,0.051354313449193674,1.4699449618288476,1.4614404118647828,0.005999088287353516,0.06710505485534668
141,0.9762718299164769,0.9879934684468035,0.27736047736047736,0.2707792207792208,0.03929384965831435,0.04011925594659407,1.6837248802994762,1.6756491246680245,0.00500035285949707,0.05492711067199707
142,0.9321790358502766,0.9648992340298592,0.14724426108113825,0.13725801332910187,0.05675695093038293,0.05464354527938343,1.5399427111336832,1.5177926833492843,0.006097555160522461,0.08756375312805176
143,0.9326241134751773,0.965137614678738,0.04770472895040369,0.04449058054594387,0.06318504190844616,0.06740407881092292,1.4362893786311828,1.4160581840461322,0.005989789962768555,0.05752396583557129
144,0.9817368617219531,0.9907842768477999,0.16953115127006194,0.1664349804119803,0.03140141632500932,0.03160592255125285,1.6337381566852105,1.6291680254911887,0.004998683929443359,0.05600285530090332
145,0.9511914715719063,0.9749852696983783,0.1446847119310449,0.13762286405564797,0.051839464882943144,0.053290847159652786,1.5348361090904121,1.5231607646315664,0.006061077117919922,0.06046485900878906
146,0.8688147295742232,0.9298029556650068,0.23922506495070628,0.20784226011252388,0.02592779056386651,0.02491721854304636,1.5592325444489776,1.5412771632305369,0.007158041000366211,0.10680556297302246
147,0.899830866807611,0.9472747101110381,0.2156607896323086,0.20751393911995178,0.042449122194078086,0.04175554849543866,1.7081508737488185,1.693267916761312,0.00868082046508789,0.0901639461517334
148,0.9531066392479436,0.9759903735875125,0.2771309940568265,0.2641353903769437,0.05405405405405406,0.056135619341167405,1.620161765893426,1.6061057989824683,0.0074727535247802734,0.10110330581665039
149,0.6172232289239796,0.7633123466011758,0.0988030078264873,0.06098351151806571,0.07161963931314178,0.0725569691038725,1.4291283126569194,1.3309104332567747,0.008992433547973633,0.11709260940551758
150,0.9517824191693632,0.9752956167874577,0.3302510024199389,0.31432709801635667,0.0590217420372797,0.060157347569542004,1.6499138261680422,1.6369635985074678,0.00804448127746582,0.1297922134399414
151,0.9681709503885236,0.9838281072051489,0.19916666666666666,0.19282738095238094,0.055588762701733414,0.05695323352369193,1.4655448415196524,1.4533777314295477,0.005013465881347656,0.037786006927490234
152,0.9098502597534889,0.9527974825323764,0.137100014349261,0.1319342803845602,0.04537129101470511,0.047038990700962534,1.6372437412997038,1.6245067251294643,0.011002063751220703,0.13314366340637207
153,0.5558869294605809,0.7145595466288261,0.1622895622895623,0.09021464646464647,0.0637966804979253,0.07067879636109167,1.5644673994029596,1.456463109076922,0.0062103271484375,0.048219919204711914
154,0.9756997846816364,0.9877004515022594,0.09472610722610722,0.09242424242424242,0.047370039987696094,0.048549810844892814,1.3133329350335703,1.3051096293846995,0.00600123405456543,0.03299999237060547
155,0.9486133768352365,0.9736291335286391,0.19420243941073975,0.18422303183906225,0.061174551386623165,0.06047578102608197,1.6021711927858329,1.59285436141607,0.007005214691162109,0.07947683334350586
156,0.9560880829015544,0.9775511555525477,0.1601128256180521,0.15308196449311431,0.051683937823834195,0.05487061373797589,1.5174645662735373,1.5058774320824067,0.0040013790130615234,0.04608869552612305
157,0.9753126347563605,0.9875020466080613,0.30116883116883114,0.29373376623376624,0.02910737386804657,0.029402011716591136,1.6107965289632489,1.6036135083788825,0.0050013065338134766,0.05795431137084961
158,0.9400569731498879,0.9691024399387369,0.19785108704776294,0.18599129402453501,0.05454876053094127,0.05370728562217924,1.628926035962856,1.608391858152279,0.00791311264038086,0.08450555801391602
159,0.9314546839299315,0.9645110410092734,0.1217205895985909,0.11337721331232038,0.06435643564356436,0.06582174979558462,1.4603973689909744,1.4342873047585305,0.004972934722900391,0.02300572395324707
160,0.9289212868213489,0.9631510556370066,0.20817244244586736,0.20183293416100492,0.03174454097205917,0.03046521202140799,1.6673781972322175,1.6592222106914196,0.012010812759399414,0.15315771102905273
161,0.9353019243530193,0.9665695182580204,0.11440935317339812,0.10700728818706347,0.07365627073656271,0.0776871230932955,1.3693111774955866,1.3529671150258002,0.006922006607055664,0.057535409927368164
162,0.9531505951730916,0.9760134190662021,0.11721710189452125,0.11172555043522786,0.04641258053947799,0.04651695692025665,1.5452508135915963,1.5306625501019817,0.00992131233215332,0.12037491798400879
163,0.8919783464566929,0.9429054493431869,0.14600466770393422,0.1388364080906868,0.05042816365366318,0.04969648455740111,1.5423467657593792,1.5309627730592061,0.014003515243530273,0.11868619918823242
164,0.9037481598912921,0.9494408755650161,0.11266329863237395,0.10181924882629108,0.07213226135205526,0.07204610951008646,1.5183269787417295,1.534304782536552,0.007066488265991211,0.08701491355895996
165,0.9224426444196537,0.9596568689289527,0.11119938210305638,0.10746441575637206,0.032595753125620165,0.031829149340315215,1.5781580050139024,1.568125049433356,0.012130498886108398,0.15657687187194824
166,0.9666973520333568,0.9830667143918891,0.2533717500171503,0.24493379982163682,0.04635295391779932,0.04677347075957876,1.7187643362682126,1.7071457438037259,0.009198427200317383,0.09097027778625488
167,0.9594912859161564,0.979326923076876,0.20614452449847553,0.19779387489561687,0.04390014130946773,0.0452626411389298,1.6406059221849878,1.6259419663902477,0.007459402084350586,0.06091499328613281
168,0.9812224097636978,0.9905222199467459,0.4849744195198741,0.4758677685950413,0.022348091404829913,0.02267652458691014,1.7438560905968197,1.7393817570431782,0.009958982467651367,0.14228248596191406
169,0.9581515747087868,0.9786286077994326,0.20919574809466507,0.200441235459286,0.05445568285317099,0.055433259955973584,1.5617650223188146,1.5505491696850149,0.009987592697143555,0.1397571563720703
170,0.9284680235033637,0.9629073567075721,0.275873913599182,0.2668312244376278,0.028377008831620094,0.026404813938867767,1.6949879261779268,1.6836781585214764,0.018442392349243164,0.09950041770935059
171,0.9290240811153359,0.9632063074900179,0.17017513588128722,0.15809679924079026,0.06134347275031685,0.05975443383356071,1.6365605621822052,1.6106887449021108,0.008997917175292969,0.03960227966308594
172,0.9641726876455484,0.981759591414818,0.3660306427993793,0.35291674862850525,0.03624529766525348,0.03647736421626308,1.6457242523798152,1.63376858773511,0.00918722152709961,0.06542706489562988
173,0.9412014735052423,0.9697102401284223,0.33349083349083347,0.31388206388206386,0.059011051289317086,0.060665362035225046,1.57378238179275,1.5520921807187094,0.00891876220703125,0.06517219543457031
174,0.8964973730297723,0.9454243235755696,0.24746713927041797,0.23232905036183724,0.04634160897588924,0.0454834403407285,1.5800709345400534,1.565873929344709,0.011499643325805664,0.16258478164672852
175,0.9502003434459073,0.9744643381273371,0.1889329488103821,0.1795241528478731,0.05819500095401641,0.06094377510040161,1.590755783785665,1.5744381654767303,0.0059888362884521484,0.08147382736206055
176,0.9822316407205152,0.9910361842104856,0.2287456186143635,0.22468118427921546,0.0222512022169696,0.02281968301385777,1.6120369728489332,1.6071498481558433,0.009096384048461914,0.07202625274658203
177,0.9711829902736937,0.9853808551166782,0.28309256697915064,0.27493468572306745,0.044921963356706625,0.046953605366126326,1.6924321582494648,1.6844043376838873,0.006994009017944336,0.08856987953186035
178,0.9215358931552587,0.9591659426577245,0.031882052373855656,0.02938045560996381,0.07679465776293823,0.07971014492753623,1.3376202170277518,1.3166462995683799,0.0024471282958984375,0.02304220199584961
179,0.9631697433588474,0.9812393926883638,0.2394970669427191,0.23067632850241546,0.041422782530391715,0.04225878833208676,1.641845093350965,1.6323871454198764,0.006449222564697266,0.05303835868835449
180,0.7283095723014257,0.8427999057269805,0.1719187675070028,0.12521008403361344,0.053767820773930754,0.0447427293064877,1.555240933747145,1.4895794991930082,0.005414485931396484,0.04075980186462402
181,0.9567836313223061,0.9779145900517454,0.18377172175074236,0.17582977527102772,0.0481881633043312,0.050264814629759166,1.556444949763338,1.591174508641706,0.007718801498413086,0.08690762519836426
182,0.9784889203206035,0.9891275207768316,0.28995215311004785,0.28371496924128503,0.02993870815652994,0.03029572968740589,1.6052047754846979,1.5972237719505038,0.011446475982666016,0.10354161262512207
183,0.9301470588235294,0.9638095238093708,0.11697247706422019,0.10880160550458716,0.07689950980392157,0.07575757575757576,1.445303185759532,1.423977910562742,0.007963418960571289,0.04361557960510254
184,0.9586335735254871,0.9788799563972627,0.34681599407626806,0.332469455757127,0.0559113957832933,0.0558184855233853,1.5926295992264543,1.579113751188624,0.01193547248840332,0.04556155204772949
185,0.958472030526914,0.9787957301274541,0.29239516196037935,0.2802525846004107,0.04660225704311115,0.046969632798271994,1.6731733256477295,1.6602677722585693,0.015348196029663086,0.12720632553100586
186,0.9628599353432072,0.981078596598725,0.522879157166444,0.5034593914615929,0.037140064656792725,0.038611696728351685,1.7136244878376141,1.7016768716423076,0.012996435165405273,0.08291387557983398
187,0.945434772329661,0.9719521679953099,0.2763924828145012,0.26131106406335763,0.04775639510142324,0.04821205301325331,1.682440071599387,1.6677540931751424,0.011428594589233398,0.16251635551452637
188,0.9610908459266979,0.9801594331266174,0.32694437345600136,0.3142232444558026,0.051676220253604306,0.05250316284113501,1.6720227859404577,1.6636586253290708,0.006074666976928711,0.05224800109863281
189,0.9717949654744072,0.9856957569019644,0.24576636437101554,0.2388345155787016,0.036498483796719154,0.03691868115342682,1.6140671535363342,1.6055511179820718,0.011954784393310547,0.18728184700012207
190,0.9722149065051356,0.9859117313212935,0.14878526645768025,0.1446512539184953,0.03239399525941533,0.033048896112691316,1.4499645718722651,1.442863994386924,0.014000892639160156,0.0654900074005127
191,0.9590806792607243,0.9791129986771225,0.20698757763975156,0.19851778656126481,0.047261815453863466,0.04721609898314726,1.5587437254639087,1.5569356734831947,0.010262727737426758,0.08460855484008789
192,0.9471993324293314,0.9728837891985025,0.4594599775709534,0.43520018403320265,0.03861479086262647,0.03788212492291428,1.6820602902716617,1.6668174622325207,0.014002084732055664,0.15819478034973145
193,0.9572832661290323,0.9781754973282374,0.1884498480243161,0.1803998860182371,0.04813508064516129,0.04817691193892326,1.5535219758593197,1.5624318579965673,0.008009910583496094,0.13528037071228027
194,0.9267469879518072,0.961980990495221,0.12443820795965266,0.11947613527748968,0.03911314484937626,0.03750354609929078,1.4783954153610441,1.465599911971833,0.01766514778137207,0.19824814796447754
195,0.9616554277403147,0.980452952278176,0.24619140625,0.23675130208333334,0.04588126404865794,0.0485356799120033,1.6513880124241849,1.6403487077533074,0.009568452835083008,0.05639076232910156
196,0.946589259796807,0.9725618848791643,0.37283549783549785,0.3529220779220779,0.05428156748911466,0.056015537156291526,1.6796330814989597,1.6604884094754997,0.009914159774780273,0.038901329040527344
197,0.9031837646620741,0.9491293288983614,0.10120214048839313,0.09140413023816701,0.07745298827034072,0.07730364873222016,1.4814726536695688,1.4498730822050225,0.008006572723388672,0.09355473518371582
198,0.9305485656768998,0.9640250260685704,0.10664448261056247,0.099237870330614,0.08756919979869149,0.09248242293131423,1.466012434848503,1.4440116166990518,0.008000612258911133,0.032506704330444336
199,0.9602575358501609,0.9797258965094954,0.38240297238014237,0.36720533595953264,0.03681592039800995,0.03809581860295014,1.7441380942093616,1.73161325269307,0.007365703582763672,0.11406731605529785
200,0.9444975114373335,0.9714566420186936,0.16094219681663627,0.156720708290215,0.026740151051234947,0.02615029871082696,1.543584905138177,1.535724918351351,0.018023252487182617,0.12266302108764648
