class_id,class_name_raw,class_name_clean,sci_name,taxonomy,matched,Mass,Beak.Length_Culmen,Beak.Length_Nares,Beak.Width,Beak.Depth,Tarsus.Length,Wing.Length,Hand-Wing.Index,Tail.Length,Habitat,Trophic.Level,Trophic.Niche,Primary.Lifestyle,Migration,Range.Size,family,order
1,001.Black_footed_Albatross,Black footed Albatross,Phoebastria nigripes,BirdLife,True,3188.4,101.2,67.8,23.8,30.8,87.4,476.0,64.7,136.0,Marine,Carnivore,Aquatic predator,Aquatic,2.0,84626560.97,Diomedeidae,Procellariiformes
2,002.Laysan_Albatross,Laysan Albatross,Phoebastria immutabilis,BirdLife,True,3145.9,108.0,74.6,20.7,28.2,82.6,474.4,66.2,147.2,Marine,Carnivore,Aquatic predator,Aquatic,2.0,45350856.11,Diomedeidae,Procellariiformes
3,003.Sooty_Albatross,Sooty Albatross,Phoebetria fusca,BirdLife,True,2553.7,108.9,71.4,17.6,29.8,76.2,510.2,68.3,268.8,Marine,Carnivore,Aquatic predator,Aquatic,2.0,61330907.01,Diomedeidae,Procellariiformes
4,004.Groove_billed_Ani,Groove billed Ani,Crotophaga sulcirostris,BirdLife,True,82.0,26.9,17.7,9.5,16.5,33.8,129.3,19.3,162.7,Human Modified,Carnivore,Invertivore,Terrestrial,1.0,2696933.46,Cuculidae,Cuculiformes
5,005.Crested_Auklet,Crested Auklet,Aethia cristatella,BirdLife,True,259.4,21.1,7.1,6.1,10.9,27.4,139.4,44.1,38.0,Marine,Carnivore,Aquatic predator,Aquatic,3.0,479141.29,Alcidae,Charadriiformes
6,006.Least_Auklet,Least Auklet,Aethia pusilla,BirdLife,True,84.0,15.0,5.7,5.0,6.4,19.0,94.4,40.4,27.0,Marine,Carnivore,Aquatic predator,Aquatic,3.0,65157.07,Alcidae,Charadriiformes
7,007.Parakeet_Auklet,Parakeet Auklet,Aethia psittacula,BirdLife,True,270.0,20.1,8.8,6.2,12.6,29.4,146.2,41.1,39.0,Marine,Carnivore,Aquatic predator,Aquatic,3.0,400570.42,Alcidae,Charadriiformes
8,008.Rhinoceros_Auklet,Rhinoceros Auklet,Cerorhinca monocerata,BirdLife,True,482.2,48.5,25.5,8.5,17.6,29.4,178.8,52.0,51.2,Marine,Carnivore,Aquatic predator,Aquatic,3.0,316387.33,Alcidae,Charadriiformes
9,009.Brewer_Blackbird,Brewer Blackbird,Euphagus cyanocephalus,BirdLife,True,62.5,22.6,14.4,5.8,7.5,31.0,126.4,31.2,100.6,Human Modified,Carnivore,Omnivore,Terrestrial,2.0,5280448.27,Icteridae,Passeriformes
10,010.Red_winged_Blackbird,Red winged Blackbird,Agelaius phoeniceus,BirdLife,True,50.8,22.7,15.4,5.6,8.8,28.0,118.0,24.0,88.9,Wetland,Herbivore,Granivore,Generalist,3.0,13703226.95,Icteridae,Passeriformes
11,011.Rusty_Blackbird,Rusty Blackbird,Euphagus carolinus,BirdLife,True,59.6,23.0,15.3,5.0,6.6,30.2,114.4,28.0,90.0,Forest,Omnivore,Omnivore,Terrestrial,3.0,7275943.03,Icteridae,Passeriformes
12,012.Yellow_headed_Blackbird,Yellow headed Blackbird,Xanthocephalus xanthocephalus,BirdLife,True,62.7,22.5,14.6,6.6,9.1,32.9,129.4,27.0,101.9,Wetland,Herbivore,Granivore,Terrestrial,2.0,4756494.14,Icteridae,Passeriformes
13,013.Bobolink,Bobolink,Dolichonyx oryzivorus,BirdLife,True,31.5,16.2,9.8,5.9,7.6,26.5,90.2,35.4,61.8,Grassland,Omnivore,Granivore,Generalist,3.0,3883605.76,Icteridae,Passeriformes
14,014.Indigo_Bunting,Indigo Bunting,Passerina cyanea,BirdLife,True,14.7,11.7,7.6,5.1,6.2,17.2,64.8,22.5,48.9,Shrubland,Herbivore,Granivore,Terrestrial,3.0,5700834.65,Cardinalidae,Passeriformes
15,015.Lazuli_Bunting,Lazuli Bunting,Passerina amoena,BirdLife,True,15.5,11.8,7.3,4.8,6.1,16.8,70.4,23.4,54.2,Shrubland,Herbivore,Omnivore,Insessorial,3.0,2824052.43,Cardinalidae,Passeriformes
16,016.Painted_Bunting,Painted Bunting,Passerina ciris,BirdLife,True,15.5,11.7,7.6,4.9,6.5,18.8,69.6,21.6,52.4,Shrubland,Herbivore,Granivore,Terrestrial,3.0,1410893.89,Cardinalidae,Passeriformes
17,017.Cardinal,Cardinal,Cardinalis cardinalis,BirdLife,True,42.6,17.6,14.7,9.3,12.3,24.5,93.5,15.5,101.8,Shrubland,Herbivore,Omnivore,Insessorial,1.0,5834572.06,Cardinalidae,Passeriformes
18,018.Spotted_Catbird,Spotted Catbird,Ailuroedus melanotis,BirdLife,True,176.9,37.5,21.0,10.7,16.0,45.8,157.8,20.5,115.8,Forest,Herbivore,Frugivore,Insessorial,1.0,167335.29,Ptilonorhynchidae,Passeriformes
19,019.Gray_Catbird,Gray Catbird,Dumetella carolinensis,BirdLife,True,35.3,19.2,11.1,4.0,4.8,27.4,90.7,18.6,90.3,Shrubland,Omnivore,Invertivore,Insessorial,3.0,6824562.12,Mimidae,Passeriformes
20,020.Yellow_breasted_Chat,Yellow breasted Chat,Icteria virens,BirdLife,True,24.9,16.3,10.5,4.8,6.3,26.1,76.5,21.3,71.8,Forest,Carnivore,Invertivore,Insessorial,1.0,6188045.96,Icteridae,Passeriformes
21,021.Eastern_Towhee,Eastern Towhee,Pipilo erythrophthalmus,BirdLife,True,40.0,15.4,9.8,5.5,8.2,27.0,82.3,13.6,91.7,Forest,Herbivore,Omnivore,Generalist,2.0,3162018.06,Passerellidae,Passeriformes
22,022.Chuck_will_Widow,Chuck will Widow,Antrostomus carolinensis,BirdLife,True,109.0,15.2,7.5,6.2,4.0,17.5,207.7,51.5,141.1,Woodland,Carnivore,Invertivore,Aerial,3.0,1808676.44,Caprimulgidae,Caprimulgiformes
23,023.Brandt_Cormorant,Brandt Cormorant,Phalacrocorax penicillatus,BirdTree,True,2224.24,76.5,60.1,12.7,17.8,65.5,280.6,37.1,115.4,Marine,Carnivore,Aquatic predator,Aquatic,2.0,326313.7,Phalacrocoracidae,Suliformes
24,024.Red_faced_Cormorant,Red faced Cormorant,Phalacrocorax urile,BirdTree,True,2117.66,55.5,42.4,9.2,11.6,56.2,270.4,31.3,154.2,Marine,Carnivore,Aquatic predator,Aquatic,1.0,1348091.15,Phalacrocoracidae,Suliformes
25,025.Pelagic_Cormorant,Pelagic Cormorant,Phalacrocorax pelagicus,BirdTree,True,1843.95,51.9,38.8,8.4,10.0,53.6,254.4,33.6,137.4,Marine,Carnivore,Aquatic predator,Aquatic,1.0,1686730.58,Phalacrocoracidae,Suliformes
26,026.Bronzed_Cowbird,Bronzed Cowbird,Molothrus aeneus,BirdLife,True,62.6,22.2,14.7,6.1,9.7,29.1,108.0,25.3,77.0,Forest,Omnivore,Granivore,Terrestrial,1.0,2518193.73,Icteridae,Passeriformes
27,027.Shiny_Cowbird,Shiny Cowbird,Molothrus bonariensis,BirdLife,True,41.5,19.7,12.5,6.5,8.3,25.5,109.9,27.3,82.7,Woodland,Omnivore,Invertivore,Terrestrial,1.0,13210499.69,Icteridae,Passeriformes
28,028.Brown_Creeper,Brown Creeper,Certhia americana,BirdLife,True,8.1,16.2,9.6,2.0,2.8,14.2,63.6,24.1,63.3,Forest,Carnivore,Invertivore,Insessorial,1.0,6543644.5,Certhiidae,Passeriformes
29,029.American_Crow,American Crow,Corvus brachyrhynchos,BirdLife,True,448.8,51.1,35.4,14.7,17.7,59.3,309.6,35.3,177.3,Human Modified,Omnivore,Omnivore,Terrestrial,2.0,11573830.54,Corvidae,Passeriformes
30,030.Fish_Crow,Fish Crow,Corvus ossifragus,BirdLife,True,284.6,43.3,27.2,13.8,14.8,47.1,276.7,36.3,157.1,Coastal,Omnivore,Omnivore,Terrestrial,1.0,970986.53,Corvidae,Passeriformes
31,031.Black_billed_Cuckoo,Black billed Cuckoo,Coccyzus erythropthalmus,BirdLife,True,50.9,27.0,17.0,5.7,6.6,22.9,136.9,40.8,143.4,Forest,Carnivore,Invertivore,Insessorial,3.0,4944717.14,Cuculidae,Cuculiformes
32,032.Mangrove_Cuckoo,Mangrove Cuckoo,Coccyzus minor,BirdLife,True,63.9,31.3,20.6,6.8,9.1,28.1,135.0,31.7,155.3,Woodland,Carnivore,Invertivore,Insessorial,2.0,1105292.18,Cuculidae,Cuculiformes
33,033.Yellow_billed_Cuckoo,Yellow billed Cuckoo,Coccyzus americanus,BirdLife,True,64.0,29.2,20.0,7.0,8.2,24.5,143.4,43.0,146.3,Forest,Carnivore,Invertivore,Insessorial,3.0,5270361.03,Cuculidae,Cuculiformes
34,034.Gray_crowned_Rosy_Finch,Gray crowned Rosy Finch,Leucosticte tephrocotis,BirdLife,True,37.8,12.9,9.9,6.4,8.1,19.6,105.5,36.9,69.8,Grassland,Herbivore,Omnivore,Terrestrial,3.0,2279904.65,Fringillidae,Passeriformes
35,035.Purple_Finch,Purple Finch,Haemorhous purpureus,BirdLife,True,23.3,12.2,9.1,7.5,9.0,16.6,81.1,28.1,59.5,Forest,Herbivore,Omnivore,Insessorial,2.0,4534365.72,Fringillidae,Passeriformes
36,036.Northern_Flicker,Northern Flicker,Colaptes cafer,BirdLife,True,131.5,42.3,30.6,8.6,7.9,29.7,166.6,24.5,116.3,Shrubland,Carnivore,Invertivore,Generalist,2.0,6674670.23,Picidae,Piciformes
37,037.Acadian_Flycatcher,Acadian Flycatcher,Empidonax virescens,BirdLife,True,12.6,13.3,9.1,6.1,4.0,17.1,71.0,27.5,58.8,Forest,Carnivore,Invertivore,Insessorial,3.0,3006134.68,Tyrannidae,Passeriformes
38,038.Great_Crested_Flycatcher,Great Crested Flycatcher,Myiarchus crinitus,BirdLife,True,32.1,22.7,15.5,8.5,6.9,21.8,98.8,21.4,88.1,Woodland,Omnivore,Invertivore,Insessorial,3.0,5137539.15,Tyrannidae,Passeriformes
39,039.Least_Flycatcher,Least Flycatcher,Empidonax minimus,BirdLife,True,10.0,12.4,7.6,5.4,3.5,15.9,61.1,22.8,50.8,Forest,Carnivore,Invertivore,Insessorial,3.0,5753545.24,Tyrannidae,Passeriformes
40,040.Olive_sided_Flycatcher,Olive sided Flycatcher,Contopus cooperi,BirdLife,True,32.1,19.9,12.2,8.5,6.5,14.7,104.7,37.9,68.8,Forest,Carnivore,Invertivore,Insessorial,3.0,9652028.65,Tyrannidae,Passeriformes
41,041.Scissor_tailed_Flycatcher,Scissor tailed Flycatcher,Tyrannus forficatus,BirdLife,True,39.3,22.4,13.9,7.6,6.0,18.6,121.2,37.5,214.0,Human Modified,Omnivore,Invertivore,Insessorial,3.0,1445850.08,Tyrannidae,Passeriformes
42,042.Vermilion_Flycatcher,Vermilion Flycatcher,Pyrocephalus rubinus,BirdLife,True,14.4,14.4,9.7,5.4,4.0,16.7,74.3,22.4,57.6,Woodland,Carnivore,Invertivore,Insessorial,3.0,8461953.41,Tyrannidae,Passeriformes
43,043.Yellow_bellied_Flycatcher,Yellow bellied Flycatcher,Empidonax flaviventris,BirdLife,True,11.8,12.9,8.4,5.7,3.7,17.2,66.9,24.1,52.6,Forest,Carnivore,Invertivore,Insessorial,3.0,5332665.34,Tyrannidae,Passeriformes
44,044.Frigatebird,Frigatebird,Fregata magnificens,BirdLife,True,1490.5,121.9,95.9,25.8,22.5,28.9,642.0,64.0,439.8,Marine,Carnivore,Aquatic predator,Aerial,3.0,191468.89,Fregatidae,Suliformes
45,045.Northern_Fulmar,Northern Fulmar,Fulmarus glacialis,BirdLife,True,611.9,41.3,23.6,11.9,14.4,48.8,321.1,51.1,134.9,Marine,Carnivore,Aquatic predator,Aquatic,3.0,29451058.1,Procellariidae,Procellariiformes
46,046.Gadwall,Gadwall,Mareca strepera,BirdLife,True,915.6,48.7,34.7,16.5,13.7,36.5,251.3,54.8,83.0,Wetland,Herbivore,Herbivore aquatic,Aquatic,2.0,18552362.65,Anatidae,Anseriformes
47,047.American_Goldfinch,American Goldfinch,Spinus tristis,BirdLife,True,12.8,11.5,8.2,4.3,6.3,13.5,69.8,27.6,48.3,Forest,Herbivore,Granivore,Insessorial,1.0,7802444.22,Fringillidae,Passeriformes
48,048.European_Goldfinch,European Goldfinch,Carduelis caniceps,BirdLife,True,16.0,15.4,11.2,5.5,7.2,14.7,77.4,33.4,48.6,Woodland,Herbivore,Granivore,Insessorial,1.0,3644376.73,Fringillidae,Passeriformes
49,049.Boat_tailed_Grackle,Boat tailed Grackle,Quiscalus major,BirdLife,True,151.2,38.5,28.1,6.9,10.5,42.8,155.0,29.7,141.4,Wetland,Carnivore,Omnivore,Terrestrial,1.0,202767.11,Icteridae,Passeriformes
50,050.Eared_Grebe,Eared Grebe,Podiceps nigricollis,BirdLife,True,412.4,26.2,15.4,5.5,5.9,39.6,127.2,44.0,28.0,Wetland,Carnivore,Aquatic predator,Aquatic,3.0,16435591.3,Podicipedidae,Podicipediformes
51,051.Horned_Grebe,Horned Grebe,Podiceps auritus,BirdLife,True,453.0,30.2,15.4,4.7,7.1,42.9,137.8,42.2,33.2,Wetland,Carnivore,Aquatic predator,Aquatic,3.0,16211072.27,Podicipedidae,Podicipediformes
52,052.Pied_billed_Grebe,Pied billed Grebe,Podilymbus podiceps,BirdLife,True,411.9,28.8,14.1,5.4,10.6,37.1,125.6,34.0,32.6,Wetland,Carnivore,Aquatic predator,Aquatic,2.0,21361785.48,Podicipedidae,Podicipediformes
53,053.Western_Grebe,Western Grebe,Aechmophorus occidentalis,BirdLife,True,1137.0,73.2,54.1,6.6,10.2,71.7,184.5,40.8,29.8,Wetland,Carnivore,Aquatic predator,Aquatic,3.0,4866227.6,Podicipedidae,Podicipediformes
54,054.Blue_Grosbeak,Blue Grosbeak,Passerina caerulea,BirdLife,True,27.4,17.0,12.3,7.4,10.9,20.3,86.1,22.9,64.4,Forest,Carnivore,Invertivore,Generalist,3.0,5300267.2,Cardinalidae,Passeriformes
55,055.Evening_Grosbeak,Evening Grosbeak,Coccothraustes vespertinus,eBird,True,57.3,22.7,16.0,10.5,14.5,21.4,109.8,34.2,67.2,Forest,Herbivore,Omnivore,Insessorial,2.0,,Fringillidae,Passeriformes
56,056.Pine_Grosbeak,Pine Grosbeak,Pinicola enucleator,BirdLife,True,56.4,16.6,12.3,8.6,11.2,19.6,109.2,29.4,85.1,Forest,Herbivore,Omnivore,Insessorial,2.0,18396768.3,Fringillidae,Passeriformes
57,057.Rose_breasted_Grosbeak,Rose breasted Grosbeak,Pheucticus ludovicianus,BirdLife,True,42.0,18.6,11.8,8.8,11.8,21.6,101.3,26.5,74.6,Forest,Herbivore,Omnivore,Insessorial,3.0,3980871.24,Cardinalidae,Passeriformes
58,058.Pigeon_Guillemot,Pigeon Guillemot,Cepphus columba,BirdLife,True,530.0,36.5,22.4,6.1,9.9,32.0,173.4,40.1,46.4,Marine,Carnivore,Aquatic predator,Aquatic,3.0,1700815.29,Alcidae,Charadriiformes
59,059.California_Gull,California Gull,Larus californicus,BirdLife,True,683.4,55.7,19.8,7.0,14.2,57.0,377.0,58.4,140.0,Coastal,Omnivore,Omnivore,Terrestrial,2.0,1997786.84,Laridae,Charadriiformes
60,060.Glaucous_winged_Gull,Glaucous winged Gull,Larus glaucescens,BirdLife,True,1056.5,69.8,25.2,9.2,19.7,65.2,411.8,53.0,166.0,Coastal,Carnivore,Aquatic predator,Generalist,3.0,899194.26,Laridae,Charadriiformes
61,061.Heermann_Gull,Heermann Gull,Larus heermanni,BirdLife,True,500.0,56.3,18.0,6.0,12.2,51.6,336.2,55.2,133.2,Coastal,Carnivore,Aquatic predator,Aerial,1.0,842438.69,Laridae,Charadriiformes
62,062.Herring_Gull,Herring Gull,Larus argentatus,BirdLife,True,1091.0,74.0,24.5,8.9,19.6,63.2,430.8,53.4,170.2,Coastal,Carnivore,Aquatic predator,Generalist,2.0,1540126.95,Laridae,Charadriiformes
63,063.Ivory_Gull,Ivory Gull,Pagophila eburnea,BirdLife,True,550.0,45.1,16.5,6.6,11.6,38.7,333.4,61.0,137.0,Marine,Carnivore,Aquatic predator,Aerial,2.0,17367390.8,Laridae,Charadriiformes
64,064.Ring_billed_Gull,Ring billed Gull,Larus delawarensis,BirdLife,True,516.3,48.1,19.6,6.2,13.0,51.2,366.0,56.2,133.2,Coastal,Carnivore,Omnivore,Terrestrial,2.0,5396423.36,Laridae,Charadriiformes
65,065.Slaty_backed_Gull,Slaty backed Gull,Larus schistisagus,BirdLife,True,1323.0,68.1,24.8,9.2,19.6,68.2,435.0,53.1,171.5,Coastal,Carnivore,Omnivore,Generalist,2.0,1114985.14,Laridae,Charadriiformes
66,066.Western_Gull,Western Gull,Larus occidentalis,BirdLife,True,922.8,64.8,23.8,8.5,18.3,64.2,397.5,51.0,145.2,Marine,Carnivore,Omnivore,Generalist,2.0,91633.8,Laridae,Charadriiformes
67,067.Anna_Hummingbird,Anna Hummingbird,Calypte anna,BirdLife,True,4.2,20.6,15.7,1.6,1.7,4.6,49.0,65.6,30.0,Woodland,Herbivore,Nectarivore,Aerial,2.0,493015.73,Trochilidae,Caprimulgiformes
68,068.Ruby_throated_Hummingbird,Ruby throated Hummingbird,Archilochus colubris,BirdLife,True,3.1,20.7,15.1,1.8,1.9,3.4,40.7,65.0,24.3,Woodland,Omnivore,Nectarivore,Generalist,3.0,4936988.47,Trochilidae,Caprimulgiformes
69,069.Rufous_Hummingbird,Rufous Hummingbird,Selasphorus rufus,BirdLife,True,3.5,20.4,15.4,1.6,1.7,2.5,40.7,67.0,29.8,Forest,Herbivore,Nectarivore,Aerial,1.0,1526769.21,Trochilidae,Caprimulgiformes
70,070.Green_Violetear,Green Violetear,Colibri thalassinus,BirdLife,True,5.9,23.7,17.3,2.2,2.0,5.6,62.6,61.5,42.0,Forest,Herbivore,Nectarivore,Aerial,1.0,788433.25,Trochilidae,Caprimulgiformes
71,071.Long_tailed_Jaeger,Long tailed Jaeger,Stercorarius longicaudus,BirdLife,True,287.9,32.9,11.2,5.4,9.2,40.7,301.7,60.2,245.5,Marine,Carnivore,Aquatic predator,Aerial,3.0,6233403.78,Stercorariidae,Charadriiformes
72,072.Pomarine_Jaeger,Pomarine Jaeger,Stercorarius pomarinus,BirdLife,True,692.5,45.8,16.1,7.2,12.5,52.0,350.8,55.8,175.6,Marine,Carnivore,Aquatic predator,Aerial,3.0,3233984.08,Stercorariidae,Charadriiformes
73,073.Blue_Jay,Blue Jay,Cyanocitta cristata,BirdLife,True,88.0,29.9,18.6,10.1,8.9,34.7,130.0,17.4,121.4,Woodland,Omnivore,Omnivore,Terrestrial,1.0,6665383.16,Corvidae,Passeriformes
74,074.Florida_Jay,Florida Jay,Aphelocoma coerulescens,BirdLife,True,77.1,30.0,17.7,9.1,9.1,37.8,116.7,17.5,140.5,Shrubland,Omnivore,Omnivore,Insessorial,1.0,6933.22,Corvidae,Passeriformes
75,075.Green_Jay,Green Jay,Cyanocorax yncas,BirdLife,True,78.5,29.6,16.2,9.3,9.9,38.7,121.5,7.8,139.3,Forest,Omnivore,Omnivore,Insessorial,1.0,1092392.74,Corvidae,Passeriformes
76,076.Dark_eyed_Junco,Dark eyed Junco,Junco hyemalis,BirdLife,True,19.5,11.6,7.8,4.5,5.3,21.1,75.2,21.9,63.8,Forest,Herbivore,Granivore,Generalist,3.0,10167654.77,Passerellidae,Passeriformes
77,077.Tropical_Kingbird,Tropical Kingbird,Tyrannus melancholicus,BirdLife,True,37.4,23.5,17.4,9.7,7.4,18.7,108.8,23.7,91.9,Human Modified,Carnivore,Invertivore,Insessorial,1.0,16505803.88,Tyrannidae,Passeriformes
78,078.Gray_Kingbird,Gray Kingbird,Tyrannus dominicensis,BirdLife,True,46.5,30.6,21.6,11.5,8.8,18.5,116.6,30.1,89.0,Forest,Carnivore,Omnivore,Insessorial,2.0,575526.35,Tyrannidae,Passeriformes
79,079.Belted_Kingfisher,Belted Kingfisher,Megaceryle alcyon,BirdLife,True,148.0,58.6,44.8,9.5,13.4,12.5,158.8,33.6,94.3,Riverine,Carnivore,Aquatic predator,Insessorial,2.0,13996585.38,Alcedinidae,Coraciiformes
80,080.Green_Kingfisher,Green Kingfisher,Chloroceryle americana,BirdLife,True,33.7,42.0,34.2,6.2,8.7,7.8,76.8,25.6,57.8,Riverine,Carnivore,Aquatic predator,Insessorial,1.0,16946715.06,Alcedinidae,Coraciiformes
81,081.Pied_Kingfisher,Pied Kingfisher,Ceryle rudis,BirdLife,True,84.4,64.2,50.6,9.1,11.6,11.0,136.2,34.5,75.7,Wetland,Carnivore,Aquatic predator,Insessorial,1.0,23875911.23,Alcedinidae,Coraciiformes
82,082.Ringed_Kingfisher,Ringed Kingfisher,Megaceryle torquata,BirdLife,True,317.0,83.6,65.2,14.9,21.1,14.3,191.3,24.5,120.2,Riverine,Carnivore,Aquatic predator,Insessorial,1.0,16295521.19,Alcedinidae,Coraciiformes
83,083.White_breasted_Kingfisher,White breasted Kingfisher,Halcyon smyrnensis,BirdLife,True,91.4,59.8,48.4,13.7,14.3,15.0,113.2,21.7,78.3,Human Modified,Carnivore,Omnivore,Insessorial,2.0,6823580.46,Alcedinidae,Coraciiformes
84,084.Red_legged_Kittiwake,Red legged Kittiwake,Rissa brevirostris,BirdLife,True,377.0,38.2,13.8,5.2,10.8,30.0,299.8,62.2,112.8,Marine,Carnivore,Aquatic predator,Aerial,2.0,192125.06,Laridae,Charadriiformes
85,085.Horned_Lark,Horned Lark,Eremophila alpestris,BirdLife,True,33.3,13.9,9.2,4.2,5.0,23.5,108.1,38.6,71.4,Grassland,Omnivore,Omnivore,Terrestrial,3.0,35118904.89,Alaudidae,Passeriformes
86,086.Pacific_Loon,Pacific Loon,Gavia pacifica,BirdLife,True,2251.1,71.9,41.1,8.3,12.9,72.8,291.2,47.9,48.4,Wetland,Carnivore,Aquatic predator,Aquatic,3.0,5397186.87,Gaviidae,Gaviiformes
87,087.Mallard,Mallard,Anas platyrhynchos,BirdLife,True,843.4,58.5,41.0,20.8,17.8,40.6,263.4,50.7,86.9,Wetland,Herbivore,Herbivore aquatic,Aquatic,2.0,39707247.47,Anatidae,Anseriformes
88,088.Western_Meadowlark,Western Meadowlark,Sturnella neglecta,BirdLife,True,100.1,33.8,22.0,6.1,7.5,35.0,117.0,27.8,71.6,Grassland,Omnivore,Invertivore,Terrestrial,2.0,6719237.68,Icteridae,Passeriformes
89,089.Hooded_Merganser,Hooded Merganser,Lophodytes cucullatus,BirdLife,True,613.8,39.6,27.6,8.3,9.3,29.2,186.6,50.9,85.6,Wetland,Carnivore,Aquatic predator,Aquatic,3.0,5510396.5,Anatidae,Anseriformes
90,090.Red_breasted_Merganser,Red breasted Merganser,Mergus serrator,BirdLife,True,1015.2,65.0,42.8,8.2,10.6,45.5,233.6,49.3,76.2,Wetland,Carnivore,Aquatic predator,Aquatic,3.0,23632905.44,Anatidae,Anseriformes
91,091.Mockingbird,Mockingbird,Mimus polyglottos,BirdLife,True,48.5,22.1,12.2,4.6,5.3,32.2,112.3,20.6,117.6,Shrubland,Omnivore,Omnivore,Generalist,3.0,10145517.51,Mimidae,Passeriformes
92,092.Nighthawk,Nighthawk,Chordeiles minor,BirdLife,True,79.3,12.7,6.1,3.3,2.7,16.7,192.8,60.7,104.0,Grassland,Carnivore,Invertivore,Aerial,3.0,13037233.58,Caprimulgidae,Caprimulgiformes
93,093.Clark_Nutcracker,Clark Nutcracker,Nucifraga columbiana,BirdLife,True,129.8,44.3,35.4,11.6,12.3,36.7,191.0,32.2,112.0,Forest,Omnivore,Omnivore,Insessorial,2.0,2287629.4,Corvidae,Passeriformes
94,094.White_breasted_Nuthatch,White breasted Nuthatch,Sitta carolinensis,BirdLife,True,21.0,19.1,12.2,4.0,4.2,18.5,88.6,31.2,48.8,Forest,Omnivore,Omnivore,Insessorial,1.0,8811748.35,Sittidae,Passeriformes
95,095.Baltimore_Oriole,Baltimore Oriole,Icterus galbula,BirdLife,True,32.8,21.1,13.3,5.0,6.4,23.4,92.1,27.4,73.3,Forest,Omnivore,Invertivore,Insessorial,3.0,4604558.64,Icteridae,Passeriformes
96,096.Hooded_Oriole,Hooded Oriole,Icterus cucullatus,BirdLife,True,24.3,21.2,13.9,4.3,5.2,21.6,83.4,20.0,91.4,Woodland,Omnivore,Omnivore,Insessorial,2.0,1181319.94,Icteridae,Passeriformes
97,097.Orchard_Oriole,Orchard Oriole,Icterus fuertesi,BirdLife,True,19.0,17.3,11.5,4.1,4.7,20.3,73.0,25.4,68.0,Forest,Carnivore,Invertivore,Insessorial,3.0,26586.03,Icteridae,Passeriformes
98,098.Scott_Oriole,Scott Oriole,Icterus parisorum,BirdLife,True,36.5,24.0,15.8,5.3,6.3,22.7,98.9,24.5,87.2,Shrubland,Carnivore,Invertivore,Insessorial,2.0,1741688.63,Icteridae,Passeriformes
99,099.Ovenbird,Ovenbird,Seiurus aurocapilla,BirdLife,True,18.8,15.1,8.9,3.6,4.1,22.3,73.2,24.9,50.4,Forest,Carnivore,Invertivore,Terrestrial,3.0,5222797.22,Parulidae,Passeriformes
100,100.Brown_Pelican,Brown Pelican,Pelecanus occidentalis,BirdLife,True,3427.8,319.5,285.0,38.8,43.4,71.7,494.6,48.1,128.2,Marine,Carnivore,Aquatic predator,Aerial,1.0,1823742.36,Pelecanidae,Pelecaniformes
101,101.White_Pelican,White Pelican,Pelecanus erythrorhynchos,BirdLife,True,5608.5,319.8,296.8,39.6,38.8,115.9,561.0,44.9,146.2,Wetland,Carnivore,Aquatic predator,Aquatic,2.0,1206894.35,Pelecanidae,Pelecaniformes
102,102.Western_Wood_Pewee,Western Wood Pewee,Contopus sordidulus,BirdLife,True,13.1,16.4,9.2,6.4,4.1,13.8,82.6,33.5,60.2,Forest,Carnivore,Invertivore,Insessorial,3.0,6939803.44,Tyrannidae,Passeriformes
103,103.Sayornis,Sayornis,Sayornis saya,BirdLife,True,20.9,19.5,11.3,5.4,4.2,20.2,104.4,25.6,79.8,Forest,Carnivore,Invertivore,Insessorial,3.0,7204273.9,Tyrannidae,Passeriformes
104,104.American_Pipit,American Pipit,Anthus rubescens,BirdLife,True,20.7,14.5,9.4,3.1,3.1,21.2,85.0,28.4,67.6,Grassland,Carnivore,Invertivore,Terrestrial,3.0,12413847.38,Motacillidae,Passeriformes
105,105.Whip_poor_Will,Whip poor Will,Antrostomus vociferus,BirdLife,True,53.3,16.1,6.7,3.8,2.7,15.1,154.4,46.1,114.2,Forest,Carnivore,Invertivore,Generalist,3.0,3403564.97,Caprimulgidae,Caprimulgiformes
106,106.Horned_Puffin,Horned Puffin,Fratercula corniculata,BirdLife,True,536.1,51.0,16.8,7.3,31.6,32.1,185.5,52.3,63.3,Marine,Carnivore,Aquatic predator,Aquatic,3.0,1467964.71,Alcidae,Charadriiformes
107,107.Common_Raven,Common Raven,Corvus corax,BirdLife,True,928.0,77.0,49.2,21.9,27.9,67.1,419.7,39.8,228.7,Forest,Omnivore,Omnivore,Terrestrial,2.0,52288449.5,Corvidae,Passeriformes
108,108.White_necked_Raven,White necked Raven,Corvus albicollis,BirdLife,True,894.0,65.9,42.4,19.6,34.0,75.2,417.1,39.6,165.6,Rock,Omnivore,Omnivore,Terrestrial,2.0,1615598.28,Corvidae,Passeriformes
109,109.American_Redstart,American Redstart,Setophaga ruticilla,BirdLife,True,8.2,12.3,6.8,4.0,3.0,17.0,62.0,24.6,52.6,Forest,Carnivore,Invertivore,Insessorial,3.0,6675504.95,Parulidae,Passeriformes
110,110.Geococcyx,Geococcyx,Geococcyx californianus,BirdLife,True,376.0,57.8,35.4,10.1,12.5,59.5,181.0,6.5,287.4,Shrubland,Carnivore,Invertivore,Terrestrial,1.0,3008009.53,Cuculidae,Cuculiformes
111,111.Loggerhead_Shrike,Loggerhead Shrike,Lanius ludovicianus,BirdLife,True,51.6,21.1,12.3,6.5,8.8,27.7,96.4,22.6,96.7,Shrubland,Carnivore,Invertivore,Insessorial,3.0,8852504.29,Laniidae,Passeriformes
112,112.Great_Grey_Shrike,Great Grey Shrike,Lanius borealis,BirdLife,True,63.4,23.2,13.9,6.9,9.3,29.4,109.2,26.3,106.2,Shrubland,Carnivore,Vertivore,Insessorial,3.0,11997297.51,Laniidae,Passeriformes
113,113.Baird_Sparrow,Baird Sparrow,Centronyx bairdii,eBird,True,18.1,11.8,7.7,4.8,5.1,22.6,65.6,19.0,42.6,Grassland,Herbivore,Granivore,Generalist,3.0,,Passerellidae,Passeriformes
114,114.Black_throated_Sparrow,Black throated Sparrow,Amphispiza bilineata,BirdLife,True,13.5,11.7,8.2,4.6,5.9,18.1,63.5,17.7,64.8,Shrubland,Omnivore,Omnivore,Generalist,2.0,2450691.64,Passerellidae,Passeriformes
115,115.Brewer_Sparrow,Brewer Sparrow,Spizella breweri,BirdLife,True,10.9,12.3,6.7,3.6,4.4,16.8,62.8,20.5,57.3,Shrubland,Omnivore,Omnivore,Generalist,3.0,3238311.53,Passerellidae,Passeriformes
116,116.Chipping_Sparrow,Chipping Sparrow,Spizella passerina,BirdLife,True,12.2,13.1,7.0,4.0,4.9,16.3,68.0,24.2,56.0,Forest,Omnivore,Omnivore,Generalist,3.0,13081064.54,Passerellidae,Passeriformes
117,117.Clay_colored_Sparrow,Clay colored Sparrow,Spizella pallida,BirdLife,True,11.2,10.1,6.0,3.4,4.9,17.4,60.8,18.6,56.8,Shrubland,Omnivore,Granivore,Generalist,3.0,3219955.48,Passerellidae,Passeriformes
118,118.House_Sparrow,House Sparrow,Passer domesticus,BirdLife,True,26.5,13.5,9.1,6.3,7.4,17.9,74.9,27.3,57.2,Human Modified,Herbivore,Granivore,Terrestrial,1.0,34407867.59,Passeridae,Passeriformes
119,119.Field_Sparrow,Field Sparrow,Spizella pusilla,BirdLife,True,12.5,10.4,6.6,4.3,5.2,17.9,64.4,16.7,62.0,Grassland,Omnivore,Granivore,Generalist,2.0,3997616.97,Passerellidae,Passeriformes
120,120.Fox_Sparrow,Fox Sparrow,Passerella megarhyncha,BirdLife,True,33.3,13.4,8.5,5.3,7.5,24.3,84.2,26.1,68.2,Forest,Omnivore,Omnivore,Generalist,3.0,259829.82,Passerellidae,Passeriformes
121,121.Grasshopper_Sparrow,Grasshopper Sparrow,Ammodramus savannarum,BirdLife,True,17.6,13.8,8.2,4.5,6.1,20.1,58.2,21.1,41.4,Grassland,Omnivore,Invertivore,Generalist,2.0,5240933.14,Passerellidae,Passeriformes
122,122.Harris_Sparrow,Harris Sparrow,Zonotrichia querula,BirdLife,True,35.5,16.0,9.2,5.1,7.5,24.3,86.9,23.7,80.9,Shrubland,Herbivore,Omnivore,Terrestrial,3.0,1699160.3,Passerellidae,Passeriformes
123,123.Henslow_Sparrow,Henslow Sparrow,Centronyx henslowii,eBird,True,12.8,13.6,8.4,4.4,6.8,16.7,54.7,15.6,49.9,Grassland,Omnivore,Omnivore,Generalist,2.0,,Passerellidae,Passeriformes
124,124.Le_Conte_Sparrow,Le Conte Sparrow,Ammospiza leconteii,BirdLife,True,13.0,11.2,7.1,4.2,5.0,17.3,53.0,18.8,52.0,Grassland,Omnivore,Granivore,Generalist,3.0,2867567.84,Passerellidae,Passeriformes
125,125.Lincoln_Sparrow,Lincoln Sparrow,Melospiza lincolnii,BirdLife,True,16.6,13.2,8.0,4.0,5.1,20.1,64.0,22.3,56.8,Wetland,Omnivore,Omnivore,Generalist,3.0,7567216.93,Passerellidae,Passeriformes
126,126.Nelson_Sharp_tailed_Sparrow,Nelson Sharp tailed Sparrow,Ammospiza nelsoni,BirdLife,True,15.1,14.4,8.7,3.8,5.2,21.7,56.4,21.9,47.7,Wetland,Omnivore,Invertivore,Generalist,3.0,2592907.6,Passerellidae,Passeriformes
127,127.Savannah_Sparrow,Savannah Sparrow,Passerculus rostratus,BirdLife,True,20.0,12.8,8.3,4.1,5.4,20.7,72.8,24.1,51.2,Grassland,Omnivore,Omnivore,Generalist,3.0,83853.01,Passerellidae,Passeriformes
128,128.Seaside_Sparrow,Seaside Sparrow,Ammospiza maritima,BirdLife,True,22.2,16.3,11.1,4.2,6.3,22.9,60.6,14.8,54.8,Wetland,Carnivore,Invertivore,Terrestrial,2.0,184267.84,Passerellidae,Passeriformes
129,129.Song_Sparrow,Song Sparrow,Melospiza melodia,BirdLife,True,21.9,13.4,8.5,5.3,6.7,21.5,66.3,20.1,67.2,Shrubland,Omnivore,Omnivore,Generalist,2.0,10313728.38,Passerellidae,Passeriformes
130,130.Tree_Sparrow,Tree Sparrow,Spizelloides arborea,eBird,True,17.8,11.8,7.9,4.6,6.2,20.2,72.2,19.9,69.2,Shrubland,Omnivore,Omnivore,Terrestrial,3.0,,Passerellidae,Passeriformes
131,131.Vesper_Sparrow,Vesper Sparrow,Pooecetes gramineus,BirdLife,True,25.7,12.0,7.7,4.9,6.6,20.1,78.6,23.9,59.6,Grassland,Omnivore,Omnivore,Generalist,3.0,6371227.47,Passerellidae,Passeriformes
132,132.White_crowned_Sparrow,White crowned Sparrow,Zonotrichia leucophrys,BirdLife,True,28.0,15.4,8.4,4.5,6.0,22.8,78.7,23.4,70.6,Shrubland,Omnivore,Omnivore,Generalist,3.0,7364178.61,Passerellidae,Passeriformes
133,133.White_throated_Sparrow,White throated Sparrow,Zonotrichia albicollis,BirdLife,True,24.4,13.6,8.4,5.1,6.3,23.0,72.8,19.7,70.4,Woodland,Herbivore,Omnivore,Terrestrial,3.0,5662700.85,Passerellidae,Passeriformes
134,134.Cape_Glossy_Starling,Cape Glossy Starling,Lamprotornis nitens,BirdLife,True,85.6,22.4,12.6,5.2,6.4,31.9,118.3,20.6,79.8,Grassland,Omnivore,Omnivore,Insessorial,1.0,3006322.47,Sturnidae,Passeriformes
135,135.Bank_Swallow,Bank Swallow,Riparia riparia,BirdLife,True,12.7,9.4,5.0,3.7,2.5,10.5,101.8,53.0,47.2,Riverine,Carnivore,Invertivore,Aerial,3.0,36583654.61,Hirundinidae,Passeriformes
136,136.Barn_Swallow,Barn Swallow,Hirundo rustica,BirdLife,True,17.9,12.4,6.0,4.5,2.7,11.7,115.8,52.6,71.4,Human Modified,Carnivore,Invertivore,Aerial,3.0,51701054.06,Hirundinidae,Passeriformes
137,137.Cliff_Swallow,Cliff Swallow,Petrochelidon pyrrhonota,BirdLife,True,21.6,11.3,5.9,4.5,3.0,12.6,109.3,49.0,49.2,Grassland,Carnivore,Invertivore,Aerial,3.0,11994340.08,Hirundinidae,Passeriformes
138,138.Tree_Swallow,Tree Swallow,Tachycineta bicolor,BirdLife,True,21.2,10.8,5.9,3.8,2.8,12.2,115.9,53.0,54.0,Wetland,Carnivore,Invertivore,Aerial,3.0,11720977.55,Hirundinidae,Passeriformes
139,139.Scarlet_Tanager,Scarlet Tanager,Piranga olivacea,BirdLife,True,28.2,18.8,11.5,7.2,8.2,19.4,92.6,30.9,63.8,Forest,Carnivore,Invertivore,Insessorial,3.0,2605301.09,Cardinalidae,Passeriformes
140,140.Summer_Tanager,Summer Tanager,Piranga rubra,BirdLife,True,29.1,19.2,13.3,8.4,9.0,19.5,92.0,29.2,71.3,Forest,Carnivore,Invertivore,Insessorial,3.0,3269576.69,Cardinalidae,Passeriformes
141,141.Artic_Tern,Artic Tern,Sterna paradisaea,BirdLife,True,110.0,37.8,22.8,3.8,7.0,16.1,262.7,69.1,179.6,Coastal,Carnivore,Aquatic predator,Aerial,3.0,10398468.44,Laridae,Charadriiformes
142,142.Black_Tern,Black Tern,Chlidonias niger,BirdLife,True,65.3,31.1,18.4,3.5,5.4,15.8,201.7,62.1,77.8,Wetland,Carnivore,Aquatic predator,Aerial,3.0,12943719.56,Laridae,Charadriiformes
143,143.Caspian_Tern,Caspian Tern,Hydroprogne caspia,BirdLife,True,655.0,78.7,49.1,10.4,19.2,42.6,410.7,65.1,148.7,Wetland,Carnivore,Aquatic predator,Aerial,3.0,6293644.91,Laridae,Charadriiformes
144,144.Common_Tern,Common Tern,Sterna hirundo,BirdLife,True,129.2,44.5,24.2,3.8,7.0,19.5,253.3,67.3,129.8,Marine,Carnivore,Aquatic predator,Aerial,3.0,30248469.5,Laridae,Charadriiformes
145,145.Elegant_Tern,Elegant Tern,Thalasseus elegans,BirdLife,True,260.0,64.4,44.6,5.8,10.3,28.2,296.6,66.6,126.6,Coastal,Carnivore,Aquatic predator,Aerial,3.0,1309.31,Laridae,Charadriiformes
146,146.Forsters_Tern,Forsters Tern,Sterna forsteri,BirdLife,True,149.0,45.3,28.0,4.9,8.8,24.3,252.6,68.7,131.4,Wetland,Carnivore,Aquatic predator,Aerial,3.0,1801878.95,Laridae,Charadriiformes
147,147.Least_Tern,Least Tern,Sternula antillarum,BirdLife,True,45.9,29.5,19.8,3.1,5.6,14.6,165.1,69.1,77.8,Marine,Carnivore,Aquatic predator,Aerial,3.0,1340830.63,Laridae,Charadriiformes
148,148.Green_tailed_Towhee,Green tailed Towhee,Pipilo chlorurus,BirdLife,True,29.4,15.1,9.3,4.7,6.9,24.1,77.6,16.8,87.6,Shrubland,Omnivore,Omnivore,Generalist,3.0,1737517.52,Passerellidae,Passeriformes
149,149.Brown_Thrasher,Brown Thrasher,Toxostoma rufum,BirdLife,True,68.8,30.1,19.3,5.4,6.3,34.2,102.5,13.9,121.8,Shrubland,Omnivore,Omnivore,Generalist,2.0,5678627.88,Mimidae,Passeriformes
150,150.Sage_Thrasher,Sage Thrasher,Oreoscoptes montanus,BirdLife,True,44.2,20.8,12.1,4.4,5.3,29.4,97.7,26.0,96.0,Shrubland,Carnivore,Invertivore,Terrestrial,3.0,1992131.03,Mimidae,Passeriformes
151,151.Black_capped_Vireo,Black capped Vireo,Vireo atricapilla,BirdLife,True,9.0,13.1,6.8,3.7,3.3,19.8,54.8,14.9,42.9,Shrubland,Carnivore,Invertivore,Insessorial,3.0,315128.21,Vireonidae,Passeriformes
152,152.Blue_headed_Vireo,Blue headed Vireo,Vireo solitarius,BirdLife,True,15.3,13.7,7.5,4.0,4.4,18.6,75.3,29.3,51.4,Forest,Carnivore,Invertivore,Insessorial,3.0,3329804.9,Vireonidae,Passeriformes
153,153.Philadelphia_Vireo,Philadelphia Vireo,Vireo philadelphicus,BirdLife,True,11.5,13.2,6.9,3.4,3.5,17.0,66.2,25.6,47.1,Woodland,Carnivore,Invertivore,Insessorial,3.0,2750346.28,Vireonidae,Passeriformes
154,154.Red_eyed_Vireo,Red eyed Vireo,Vireo olivaceus,BirdLife,True,16.1,16.4,9.6,4.3,4.4,19.5,77.5,29.8,52.7,Forest,Omnivore,Invertivore,Insessorial,3.0,8742854.76,Vireonidae,Passeriformes
155,155.Warbling_Vireo,Warbling Vireo,Vireo gilvus,BirdLife,True,12.7,14.3,7.5,3.7,3.7,17.6,70.1,23.5,51.3,Forest,Carnivore,Invertivore,Insessorial,3.0,9680437.56,Vireonidae,Passeriformes
156,156.White_eyed_Vireo,White eyed Vireo,Vireo griseus,BirdLife,True,11.4,13.7,7.4,3.9,4.1,19.5,61.6,17.9,48.9,Shrubland,Carnivore,Invertivore,Insessorial,3.0,3034548.86,Vireonidae,Passeriformes
157,157.Yellow_throated_Vireo,Yellow throated Vireo,Vireo flavifrons,BirdLife,True,18.0,15.1,8.5,4.3,4.9,19.3,76.3,33.8,48.4,Forest,Carnivore,Invertivore,Insessorial,3.0,3167329.54,Vireonidae,Passeriformes
158,158.Bay_breasted_Warbler,Bay breasted Warbler,Setophaga castanea,BirdLife,True,11.8,13.5,7.9,3.8,3.8,19.1,69.9,30.6,51.6,Forest,Omnivore,Invertivore,Insessorial,3.0,2650066.12,Parulidae,Passeriformes
159,159.Black_and_white_Warbler,Black and white Warbler,Mniotilta varia,BirdLife,True,10.9,13.7,9.0,2.9,3.3,17.3,68.8,25.5,46.6,Forest,Carnivore,Invertivore,Insessorial,3.0,5385503.08,Parulidae,Passeriformes
160,160.Black_throated_Blue_Warbler,Black throated Blue Warbler,Setophaga caerulescens,BirdLife,True,10.1,13.0,7.4,3.4,3.3,18.6,62.2,24.1,48.9,Forest,Carnivore,Invertivore,Insessorial,3.0,1168234.94,Parulidae,Passeriformes
161,161.Blue_winged_Warbler,Blue winged Warbler,Vermivora cyanoptera,BirdLife,True,8.9,13.0,8.5,3.0,3.3,16.3,58.3,25.2,42.5,Shrubland,Carnivore,Invertivore,Insessorial,3.0,1491745.35,Parulidae,Passeriformes
162,162.Canada_Warbler,Canada Warbler,Cardellina canadensis,BirdLife,True,10.0,13.0,7.2,4.0,3.6,19.2,62.5,25.9,52.7,Forest,Carnivore,Invertivore,Insessorial,3.0,2768373.43,Parulidae,Passeriformes
163,163.Cape_May_Warbler,Cape May Warbler,Setophaga tigrina,BirdLife,True,10.0,12.6,7.6,3.2,3.3,17.5,65.7,26.7,45.2,Forest,Omnivore,Invertivore,Insessorial,3.0,2530023.76,Parulidae,Passeriformes
164,164.Cerulean_Warbler,Cerulean Warbler,Setophaga cerulea,BirdLife,True,9.0,14.3,8.2,3.2,3.3,15.5,65.6,33.2,42.3,Forest,Carnivore,Invertivore,Insessorial,3.0,1849163.51,Parulidae,Passeriformes
165,165.Chestnut_sided_Warbler,Chestnut sided Warbler,Setophaga pensylvanica,BirdLife,True,9.3,13.4,7.6,3.6,3.6,18.7,61.6,26.6,46.2,Forest,Carnivore,Invertivore,Insessorial,3.0,2422614.2,Parulidae,Passeriformes
166,166.Golden_winged_Warbler,Golden winged Warbler,Vermivora chrysoptera,BirdLife,True,8.7,14.6,9.0,3.2,3.5,17.9,60.6,25.9,44.9,Shrubland,Carnivore,Invertivore,Insessorial,3.0,946202.7,Parulidae,Passeriformes
167,167.Hooded_Warbler,Hooded Warbler,Setophaga citrina,BirdLife,True,10.5,13.7,7.9,3.8,3.6,19.2,64.7,21.5,55.1,Forest,Carnivore,Invertivore,Insessorial,3.0,2007300.04,Parulidae,Passeriformes
168,168.Kentucky_Warbler,Kentucky Warbler,Geothlypis formosa,BirdLife,True,14.0,13.8,8.7,3.5,3.7,22.8,66.9,24.9,48.1,Forest,Carnivore,Invertivore,Generalist,3.0,1970256.38,Parulidae,Passeriformes
169,169.Magnolia_Warbler,Magnolia Warbler,Setophaga magnolia,BirdLife,True,8.1,12.1,7.1,3.1,3.1,18.2,58.4,21.1,46.5,Forest,Carnivore,Invertivore,Insessorial,3.0,3661483.1,Parulidae,Passeriformes
170,170.Mourning_Warbler,Mourning Warbler,Geothlypis philadelphia,BirdLife,True,11.7,12.5,8.0,3.3,3.6,22.1,59.0,25.3,47.8,Forest,Carnivore,Invertivore,Insessorial,3.0,2709565.27,Parulidae,Passeriformes
171,171.Myrtle_Warbler,Myrtle Warbler,Setophaga coronata,BirdLife,True,11.9,12.6,7.2,3.4,3.4,18.1,71.6,24.5,56.3,Forest,Carnivore,Invertivore,Insessorial,3.0,7207362.84,Parulidae,Passeriformes
172,172.Nashville_Warbler,Nashville Warbler,Leiothlypis ruficapilla,BirdLife,True,8.1,11.6,7.0,2.8,3.5,16.1,56.8,23.6,42.4,Forest,Carnivore,Invertivore,Insessorial,3.0,2772463.48,Parulidae,Passeriformes
173,173.Orange_crowned_Warbler,Orange crowned Warbler,Leiothlypis celata,BirdLife,True,9.2,11.8,7.8,3.8,4.0,18.4,59.9,23.0,46.5,Shrubland,Carnivore,Invertivore,Insessorial,3.0,7482895.14,Parulidae,Passeriformes
174,174.Palm_Warbler,Palm Warbler,Setophaga palmarum,BirdLife,True,10.3,12.9,7.1,2.8,3.1,19.1,63.7,20.1,51.0,Forest,Carnivore,Invertivore,Insessorial,3.0,3394685.27,Parulidae,Passeriformes
175,175.Pine_Warbler,Pine Warbler,Setophaga pinus,BirdLife,True,11.8,13.4,8.0,3.1,3.8,18.6,71.8,28.6,54.0,Forest,Carnivore,Invertivore,Insessorial,3.0,2073441.98,Parulidae,Passeriformes
176,176.Prairie_Warbler,Prairie Warbler,Setophaga discolor,BirdLife,True,7.6,11.8,7.2,2.8,2.9,17.7,55.5,20.0,48.4,Shrubland,Carnivore,Invertivore,Insessorial,3.0,1565603.51,Parulidae,Passeriformes
177,177.Prothonotary_Warbler,Prothonotary Warbler,Protonotaria citrea,BirdLife,True,14.3,17.1,10.8,3.8,3.9,18.3,68.9,30.0,42.7,Forest,Carnivore,Invertivore,Insessorial,3.0,2173071.74,Parulidae,Passeriformes
178,178.Swainson_Warbler,Swainson Warbler,Limnothlypis swainsonii,BirdLife,True,18.9,17.8,11.4,3.4,4.3,17.7,71.6,25.0,49.6,Shrubland,Carnivore,Invertivore,Terrestrial,3.0,1142671.96,Parulidae,Passeriformes
179,179.Tennessee_Warbler,Tennessee Warbler,Leiothlypis peregrina,BirdLife,True,8.9,10.9,7.8,3.1,3.2,18.3,62.5,25.9,42.1,Forest,Carnivore,Invertivore,Insessorial,3.0,4777801.14,Parulidae,Passeriformes
180,180.Wilson_Warbler,Wilson Warbler,Cardellina pusilla,BirdLife,True,7.0,11.6,6.6,3.2,3.1,17.9,56.3,20.7,48.1,Forest,Carnivore,Invertivore,Insessorial,3.0,7961357.24,Parulidae,Passeriformes
181,181.Worm_eating_Warbler,Worm eating Warbler,Helmitheros vermivorum,BirdLife,True,14.2,15.3,10.2,3.7,4.5,17.7,68.3,26.2,48.4,Forest,Carnivore,Invertivore,Insessorial,3.0,1754178.4,Parulidae,Passeriformes
182,182.Yellow_Warbler,Yellow Warbler,Setophaga petechia,BirdLife,True,10.2,11.7,8.0,3.4,3.2,20.0,60.2,23.6,43.3,Shrubland,Carnivore,Invertivore,Insessorial,3.0,15552185.22,Parulidae,Passeriformes
183,183.Northern_Waterthrush,Northern Waterthrush,Parkesia noveboracensis,BirdLife,True,16.3,18.8,9.7,3.5,3.7,23.0,73.9,28.0,49.9,Shrubland,Carnivore,Invertivore,Terrestrial,3.0,7602956.73,Parulidae,Passeriformes
184,184.Louisiana_Waterthrush,Louisiana Waterthrush,Parkesia motacilla,BirdLife,True,19.9,17.1,11.0,4.2,4.5,22.3,79.8,29.7,49.0,Forest,Carnivore,Invertivore,Terrestrial,3.0,2411690.61,Parulidae,Passeriformes
185,185.Bohemian_Waxwing,Bohemian Waxwing,Bombycilla garrulus,BirdLife,True,54.4,15.5,7.6,5.1,6.0,20.7,116.2,37.8,65.8,Forest,Herbivore,Omnivore,Insessorial,3.0,12792145.0,Bombycillidae,Passeriformes
186,186.Cedar_Waxwing,Cedar Waxwing,Bombycilla cedrorum,BirdLife,True,31.6,15.1,6.6,4.5,4.9,16.7,95.4,35.1,59.8,Woodland,Herbivore,Frugivore,Insessorial,3.0,7437954.14,Bombycillidae,Passeriformes
187,187.American_Three_toed_Woodpecker,American Three toed Woodpecker,Picoides tridactylus,BirdLife,True,65.5,29.7,22.4,9.0,7.3,19.8,120.9,29.4,81.3,Forest,Carnivore,Invertivore,Insessorial,1.0,23486930.71,Picidae,Piciformes
188,188.Pileated_Woodpecker,Pileated Woodpecker,Hylatomus pileatus,BirdLife,True,286.6,52.1,37.4,14.6,11.9,29.3,228.4,25.3,167.3,Forest,Carnivore,Invertivore,Insessorial,1.0,5925872.32,Picidae,Piciformes
189,189.Red_bellied_Woodpecker,Red bellied Woodpecker,Melanerpes carolinus,BirdLife,True,69.5,32.6,21.6,7.1,7.6,21.1,127.2,28.2,76.8,Woodland,Omnivore,Omnivore,Insessorial,1.0,3074161.82,Picidae,Piciformes
190,190.Red_cockaded_Woodpecker,Red cockaded Woodpecker,Dryobates borealis,eBird,True,48.0,18.2,14.1,6.8,6.1,21.1,117.0,32.1,85.0,Forest,Carnivore,Invertivore,Insessorial,1.0,,Picidae,Piciformes
191,191.Red_headed_Woodpecker,Red headed Woodpecker,Melanerpes erythrocephalus,BirdLife,True,71.6,27.3,20.3,7.6,7.4,20.6,139.7,29.1,83.3,Forest,Carnivore,Invertivore,Insessorial,1.0,5461683.2,Picidae,Piciformes
192,192.Downy_Woodpecker,Downy Woodpecker,Dryobates pubescens,BirdLife,True,25.6,17.4,12.2,4.9,4.8,15.8,91.3,27.0,58.6,Woodland,Carnivore,Invertivore,Insessorial,1.0,12800223.82,Picidae,Piciformes
193,193.Bewick_Wren,Bewick Wren,Thryomanes bewickii,BirdLife,True,9.9,15.5,10.1,2.6,3.0,17.5,54.0,13.8,51.2,Shrubland,Carnivore,Invertivore,Generalist,2.0,3360146.45,Troglodytidae,Passeriformes
194,194.Cactus_Wren,Cactus Wren,Campylorhynchus brunneicapillus,BirdLife,True,38.9,26.1,16.4,4.0,5.7,26.2,83.2,13.7,86.4,Shrubland,Carnivore,Invertivore,Insessorial,1.0,1847263.76,Troglodytidae,Passeriformes
195,195.Carolina_Wren,Carolina Wren,Thryothorus albinucha,BirdLife,True,19.0,16.9,11.1,3.2,3.9,21.4,59.4,11.4,50.7,Woodland,Carnivore,Invertivore,Insessorial,1.0,177699.67,Troglodytidae,Passeriformes
196,196.House_Wren,House Wren,Troglodytes beani,BirdLife,True,10.9,15.9,9.8,3.0,3.1,20.1,51.4,12.9,41.1,Shrubland,Carnivore,Invertivore,Insessorial,1.0,488.33,Troglodytidae,Passeriformes
197,197.Marsh_Wren,Marsh Wren,Cistothorus palustris,BirdLife,True,10.8,16.0,9.9,2.7,3.4,19.2,48.4,20.0,39.5,Wetland,Carnivore,Invertivore,Insessorial,2.0,4855077.99,Troglodytidae,Passeriformes
198,198.Rock_Wren,Rock Wren,Salpinctes obsoletus,BirdLife,True,16.4,19.9,12.6,2.9,3.4,20.1,69.0,17.3,55.6,Rock,Carnivore,Invertivore,Terrestrial,1.0,5424173.4,Troglodytidae,Passeriformes
199,199.Winter_Wren,Winter Wren,Troglodytes hiemalis,BirdLife,True,8.9,12.5,8.5,2.3,2.3,18.1,45.8,17.0,27.6,Forest,Carnivore,Invertivore,Insessorial,3.0,3348061.18,Troglodytidae,Passeriformes
200,200.Common_Yellowthroat,Common Yellowthroat,Geothlypis trichas,BirdLife,True,9.5,12.7,7.9,3.0,3.3,20.2,54.7,16.1,49.4,Wetland,Carnivore,Invertivore,Insessorial,3.0,12826786.25,Parulidae,Passeriformes
